,Iteration,Time,Fitness,FEvals,Temperature,max_iters
0,0,0.00018069999999958952,182.4047677062297,0.0,10,100
1,1,0.005959900000000573,191.23163139177692,2.0,10,100
2,2,0.006064600000000198,182.9358727996735,4.0,10,100
3,3,0.00616220000000034,185.0404975005113,6.0,10,100
4,4,0.006259599999999921,186.21451290714617,8.0,10,100
5,5,0.006351500000000954,151.35972930848914,10.0,10,100
6,6,0.006416200000000316,151.35972930848914,11.0,10,100
7,7,0.006518599999999708,151.72736358173452,13.0,10,100
8,8,0.0065840999999995375,151.72736358173452,14.0,10,100
9,9,0.006681999999999633,154.56781512361027,16.0,10,100
10,10,0.006762699999999455,154.56781512361027,17.0,10,100
11,11,0.013717700000000832,154.56781512361027,18.0,10,100
12,12,0.013798400000000655,154.56781512361027,19.0,10,100
13,13,0.013896600000000703,152.00407373542873,21.0,10,100
14,14,0.013965800000001138,152.00407373542873,22.0,10,100
15,15,0.014034099999999938,152.00407373542873,23.0,10,100
16,16,0.014101800000000608,152.00407373542873,24.0,10,100
17,17,0.014170899999999875,152.00407373542873,25.0,10,100
18,18,0.014270599999999689,151.43870219819968,27.0,10,100
19,19,0.014339899999999517,151.43870219819968,28.0,10,100
20,20,0.014408700000000607,151.43870219819968,29.0,10,100
21,21,0.01955060000000053,151.43870219819968,30.0,10,100
22,22,0.019662600000000197,147.03790213148082,32.0,10,100
23,23,0.019763499999999823,142.31538243641856,34.0,10,100
24,24,0.01986980000000038,144.38500281781577,36.0,10,100
25,25,0.019972600000000895,148.38416080677916,38.0,10,100
26,26,0.0200446000000003,148.38416080677916,39.0,10,100
27,27,0.02011620000000036,148.38416080677916,40.0,10,100
28,28,0.020188000000000983,148.38416080677916,41.0,10,100
29,29,0.02026310000000109,148.38416080677916,42.0,10,100
30,30,0.020362099999999828,142.57165074100612,44.0,10,100
31,31,0.020462000000000202,140.90868854510933,46.0,10,100
32,32,0.020535000000000636,140.90868854510933,47.0,10,100
33,33,0.020635500000000917,139.95751810216936,49.0,10,100
34,34,0.02070909999999948,139.95751810216936,50.0,10,100
35,35,0.02078260000000043,139.95751810216936,51.0,10,100
36,36,0.020857900000001095,139.95751810216936,52.0,10,100
37,37,0.02093190000000078,139.95751810216936,53.0,10,100
38,38,0.02100620000000042,139.95751810216936,54.0,10,100
39,39,0.021112300000000417,143.78607037636235,56.0,10,100
40,40,0.021187700000000476,143.78607037636235,57.0,10,100
41,41,0.021297900000000425,146.96496758904973,59.0,10,100
42,42,0.021374400000000904,146.96496758904973,60.0,10,100
43,43,0.0214818999999995,147.2701345555131,62.0,10,100
44,44,0.02155869999999993,147.2701345555131,63.0,10,100
45,45,0.021667700000000067,150.6999519649682,65.0,10,100
46,46,0.02177709999999955,158.8487943252891,67.0,10,100
47,47,0.021887400000000667,156.53860415213228,69.0,10,100
48,48,0.021965800000000257,156.53860415213228,70.0,10,100
49,49,0.022044400000000408,156.53860415213228,71.0,10,100
50,50,0.022122700000000606,156.53860415213228,72.0,10,100
51,51,0.028459599999999696,156.53860415213228,73.0,10,100
52,52,0.02858930000000015,150.77976468239996,75.0,10,100
53,53,0.028676100000000204,150.77976468239996,76.0,10,100
54,54,0.028793300000000244,158.02680846441427,78.0,10,100
55,55,0.028877899999999457,158.02680846441427,79.0,10,100
56,56,0.02898859999999992,155.21380508335386,81.0,10,100
57,57,0.02909830000000113,145.36874067181253,83.0,10,100
58,58,0.02921399999999963,145.45070965947042,85.0,10,100
59,59,0.02930090000000085,145.45070965947042,86.0,10,100
60,60,0.029383700000000346,145.45070965947042,87.0,10,100
61,61,0.029505999999999588,148.79547818769421,89.0,10,100
62,62,0.02962090000000117,148.43315760127624,91.0,10,100
63,63,0.02973659999999967,149.74430667996015,93.0,10,100
64,64,0.029848900000001066,148.96088345317696,95.0,10,100
65,65,0.029934799999999484,148.96088345317696,96.0,10,100
66,66,0.03004680000000093,144.24318720954295,98.0,10,100
67,67,0.030158800000000596,135.42151812327631,100.0,10,100
68,68,0.030243999999999716,135.42151812327631,101.0,10,100
69,69,0.03033169999999963,135.42151812327631,102.0,10,100
70,70,0.03042040000000057,135.42151812327631,103.0,10,100
71,71,0.030511399999999966,135.42151812327631,104.0,10,100
72,72,0.030630300000000332,138.58737636749387,106.0,10,100
73,73,0.03072370000000113,138.58737636749387,107.0,10,100
74,74,0.030810800000001137,138.58737636749387,108.0,10,100
75,75,0.030898900000000395,138.58737636749387,109.0,10,100
76,76,0.03101440000000011,133.04764787513497,111.0,10,100
77,77,0.03110290000000049,133.04764787513497,112.0,10,100
78,78,0.03122319999999945,134.03936049097658,114.0,10,100
79,79,0.03131570000000039,134.03936049097658,115.0,10,100
80,80,0.03143610000000052,136.84618239408914,117.0,10,100
81,81,0.031557700000000466,130.57246745585292,119.0,10,100
82,82,0.03164770000000061,130.57246745585292,120.0,10,100
83,83,0.031737299999999635,130.57246745585292,121.0,10,100
84,84,0.03182729999999978,130.57246745585292,122.0,10,100
85,85,0.03191789999999983,130.57246745585292,123.0,10,100
86,86,0.032010599999999556,130.57246745585292,124.0,10,100
87,87,0.03210160000000073,130.57246745585292,125.0,10,100
88,88,0.03219269999999952,130.57246745585292,126.0,10,100
89,89,0.03228700000000018,130.57246745585292,127.0,10,100
90,90,0.03237870000000065,130.57246745585292,128.0,10,100
91,91,0.032479800000000836,130.57246745585292,129.0,10,100
92,0,0.00018069999999958952,182.4047677062297,0.0,10,100
93,1,0.005959900000000573,191.23163139177692,2.0,10,100
94,2,0.006064600000000198,182.9358727996735,4.0,10,100
95,3,0.00616220000000034,185.0404975005113,6.0,10,100
96,4,0.006259599999999921,186.21451290714617,8.0,10,100
97,5,0.006351500000000954,151.35972930848914,10.0,10,100
98,6,0.006416200000000316,151.35972930848914,11.0,10,100
99,7,0.006518599999999708,151.72736358173452,13.0,10,100
100,8,0.0065840999999995375,151.72736358173452,14.0,10,100
101,9,0.006681999999999633,154.56781512361027,16.0,10,100
102,10,0.006762699999999455,154.56781512361027,17.0,10,100
103,11,0.013717700000000832,154.56781512361027,18.0,10,100
104,12,0.013798400000000655,154.56781512361027,19.0,10,100
105,13,0.013896600000000703,152.00407373542873,21.0,10,100
106,14,0.013965800000001138,152.00407373542873,22.0,10,100
107,15,0.014034099999999938,152.00407373542873,23.0,10,100
108,16,0.014101800000000608,152.00407373542873,24.0,10,100
109,17,0.014170899999999875,152.00407373542873,25.0,10,100
110,18,0.014270599999999689,151.43870219819968,27.0,10,100
111,19,0.014339899999999517,151.43870219819968,28.0,10,100
112,20,0.014408700000000607,171.58363343849635,30.0,10,100
113,21,0.01955060000000053,158.2961905726128,32.0,10,100
114,22,0.019662600000000197,158.2961905726128,33.0,10,100
115,23,0.019763499999999823,158.2961905726128,34.0,10,100
116,24,0.01986980000000038,158.2961905726128,35.0,10,100
117,25,0.019972600000000895,158.2961905726128,36.0,10,100
118,26,0.0200446000000003,158.2961905726128,37.0,10,100
119,27,0.02011620000000036,158.2961905726128,38.0,10,100
120,28,0.020188000000000983,158.2961905726128,39.0,10,100
121,29,0.02026310000000109,158.2961905726128,40.0,10,100
122,30,0.020362099999999828,153.78804709747538,42.0,10,100
123,31,0.020462000000000202,153.47324313281004,44.0,10,100
124,32,0.020535000000000636,143.7679453531894,46.0,10,100
125,33,0.020635500000000917,140.73578771554133,48.0,10,100
126,34,0.02070909999999948,139.26169508651523,50.0,10,100
127,35,0.02078260000000043,139.26169508651523,51.0,10,100
128,36,0.020857900000001095,139.26169508651523,52.0,10,100
129,37,0.02093190000000078,139.26169508651523,53.0,10,100
130,38,0.02100620000000042,130.80291553902057,55.0,10,100
131,39,0.021112300000000417,128.33882635552658,57.0,10,100
132,40,0.021187700000000476,130.96307951025454,59.0,10,100
133,41,0.021297900000000425,130.96307951025454,60.0,10,100
134,42,0.021374400000000904,128.4798036455938,62.0,10,100
135,43,0.0214818999999995,134.6226414791732,64.0,10,100
136,44,0.02155869999999993,129.16140797955364,66.0,10,100
137,45,0.021667700000000067,128.9451385511655,68.0,10,100
138,46,0.02177709999999955,120.57349975152655,70.0,10,100
139,47,0.021887400000000667,150.58411251697888,72.0,10,100
140,48,0.021965800000000257,153.13370185948375,74.0,10,100
141,49,0.022044400000000408,153.13370185948375,75.0,10,100
142,50,0.022122700000000606,153.68559238507814,77.0,10,100
143,51,0.028459599999999696,151.1740666342257,79.0,10,100
144,52,0.02858930000000015,153.2231379927859,81.0,10,100
145,53,0.028676100000000204,153.2231379927859,82.0,10,100
146,54,0.028793300000000244,153.2231379927859,83.0,10,100
147,55,0.028877899999999457,153.2231379927859,84.0,10,100
148,56,0.02898859999999992,153.2231379927859,85.0,10,100
149,57,0.02909830000000113,153.07415814767722,87.0,10,100
150,58,0.02921399999999963,153.07415814767722,88.0,10,100
151,59,0.02930090000000085,153.07415814767722,89.0,10,100
152,60,0.029383700000000346,153.07415814767722,90.0,10,100
153,61,0.029505999999999588,153.07415814767722,91.0,10,100
154,62,0.02962090000000117,169.70889531491534,93.0,10,100
155,63,0.02973659999999967,167.05342428150269,95.0,10,100
156,64,0.029848900000001066,167.05342428150269,96.0,10,100
157,65,0.029934799999999484,166.77175536054793,98.0,10,100
158,66,0.03004680000000093,166.77175536054793,99.0,10,100
159,67,0.030158800000000596,166.77175536054793,100.0,10,100
160,68,0.030243999999999716,166.77175536054793,101.0,10,100
161,69,0.03033169999999963,174.43729313555193,103.0,10,100
162,70,0.03042040000000057,180.34832819429812,105.0,10,100
163,71,0.030511399999999966,168.33920971942757,107.0,10,100
164,72,0.030630300000000332,189.92993884205526,109.0,10,100
165,73,0.03072370000000113,184.34722672039237,111.0,10,100
166,74,0.030810800000001137,177.8917542478295,113.0,10,100
167,75,0.030898900000000395,160.63520101534561,115.0,10,100
168,76,0.03101440000000011,160.63520101534561,116.0,10,100
169,77,0.03110290000000049,162.47811730951827,118.0,10,100
170,78,0.03122319999999945,162.47811730951827,119.0,10,100
171,79,0.03131570000000039,162.47811730951827,120.0,10,100
172,80,0.03143610000000052,154.48068602641348,122.0,10,100
173,81,0.031557700000000466,158.03489487733245,124.0,10,100
174,82,0.03164770000000061,160.3562857411965,126.0,10,100
175,83,0.031737299999999635,160.3562857411965,127.0,10,100
176,84,0.03182729999999978,177.0377207042404,129.0,10,100
177,85,0.03191789999999983,177.0377207042404,130.0,10,100
178,86,0.032010599999999556,185.14157303133123,132.0,10,100
179,87,0.03210160000000073,178.21528864175392,134.0,10,100
180,88,0.03219269999999952,178.21528864175392,135.0,10,100
181,89,0.03228700000000018,178.21528864175392,136.0,10,100
182,90,0.03237870000000065,177.84787691061516,138.0,10,100
183,91,0.032479800000000836,177.84787691061516,139.0,10,100
184,92,0.0001422000000008694,180.2678090380939,141.0,10,100
185,93,0.006639599999999746,180.2678090380939,142.0,10,100
186,94,0.0067421999999996984,180.2678090380939,143.0,10,100
187,95,0.006841500000000167,180.0793221107716,145.0,10,100
188,96,0.0069400999999995605,193.058206292531,147.0,10,100
189,97,0.007034100000000265,193.058206292531,148.0,10,100
190,98,0.007099600000000095,194.32839254987073,150.0,10,100
191,99,0.007196699999999723,197.6558034146308,152.0,10,100
192,100,0.007262000000000768,201.76691664276908,154.0,10,100
193,0,0.00018069999999958952,182.4047677062297,0.0,10,100
194,1,0.005959900000000573,191.23163139177692,2.0,10,100
195,2,0.006064600000000198,182.9358727996735,4.0,10,100
196,3,0.00616220000000034,185.0404975005113,6.0,10,100
197,4,0.006259599999999921,186.21451290714617,8.0,10,100
198,5,0.006351500000000954,151.35972930848914,10.0,10,100
199,6,0.006416200000000316,151.35972930848914,11.0,10,100
200,7,0.006518599999999708,151.72736358173452,13.0,10,100
201,8,0.0065840999999995375,151.72736358173452,14.0,10,100
202,9,0.006681999999999633,154.56781512361027,16.0,10,100
203,10,0.006762699999999455,154.56781512361027,17.0,10,100
204,11,0.013717700000000832,154.56781512361027,18.0,10,100
205,12,0.013798400000000655,154.56781512361027,19.0,10,100
206,13,0.013896600000000703,152.00407373542873,21.0,10,100
207,14,0.013965800000001138,152.00407373542873,22.0,10,100
208,15,0.014034099999999938,152.00407373542873,23.0,10,100
209,16,0.014101800000000608,152.00407373542873,24.0,10,100
210,17,0.014170899999999875,152.00407373542873,25.0,10,100
211,18,0.014270599999999689,151.43870219819968,27.0,10,100
212,19,0.014339899999999517,151.43870219819968,28.0,10,100
213,20,0.014408700000000607,171.58363343849635,30.0,10,100
214,21,0.01955060000000053,158.2961905726128,32.0,10,100
215,22,0.019662600000000197,158.2961905726128,33.0,10,100
216,23,0.019763499999999823,158.2961905726128,34.0,10,100
217,24,0.01986980000000038,158.2961905726128,35.0,10,100
218,25,0.019972600000000895,158.2961905726128,36.0,10,100
219,26,0.0200446000000003,158.2961905726128,37.0,10,100
220,27,0.02011620000000036,158.2961905726128,38.0,10,100
221,28,0.020188000000000983,158.2961905726128,39.0,10,100
222,29,0.02026310000000109,158.2961905726128,40.0,10,100
223,30,0.020362099999999828,153.78804709747538,42.0,10,100
224,31,0.020462000000000202,153.47324313281004,44.0,10,100
225,32,0.020535000000000636,143.7679453531894,46.0,10,100
226,33,0.020635500000000917,140.73578771554133,48.0,10,100
227,34,0.02070909999999948,139.26169508651523,50.0,10,100
228,35,0.02078260000000043,139.26169508651523,51.0,10,100
229,36,0.020857900000001095,139.26169508651523,52.0,10,100
230,37,0.02093190000000078,139.26169508651523,53.0,10,100
231,38,0.02100620000000042,130.80291553902057,55.0,10,100
232,39,0.021112300000000417,128.33882635552658,57.0,10,100
233,40,0.021187700000000476,130.96307951025454,59.0,10,100
234,41,0.021297900000000425,130.96307951025454,60.0,10,100
235,42,0.021374400000000904,128.4798036455938,62.0,10,100
236,43,0.0214818999999995,134.6226414791732,64.0,10,100
237,44,0.02155869999999993,129.16140797955364,66.0,10,100
238,45,0.021667700000000067,128.9451385511655,68.0,10,100
239,46,0.02177709999999955,120.57349975152655,70.0,10,100
240,47,0.021887400000000667,150.58411251697888,72.0,10,100
241,48,0.021965800000000257,153.13370185948375,74.0,10,100
242,49,0.022044400000000408,153.13370185948375,75.0,10,100
243,50,0.022122700000000606,153.68559238507814,77.0,10,100
244,51,0.028459599999999696,151.1740666342257,79.0,10,100
245,52,0.02858930000000015,153.2231379927859,81.0,10,100
246,53,0.028676100000000204,153.2231379927859,82.0,10,100
247,54,0.028793300000000244,153.2231379927859,83.0,10,100
248,55,0.028877899999999457,153.2231379927859,84.0,10,100
249,56,0.02898859999999992,153.2231379927859,85.0,10,100
250,57,0.02909830000000113,153.07415814767722,87.0,10,100
251,58,0.02921399999999963,153.07415814767722,88.0,10,100
252,59,0.02930090000000085,153.07415814767722,89.0,10,100
253,60,0.029383700000000346,153.07415814767722,90.0,10,100
254,61,0.029505999999999588,153.07415814767722,91.0,10,100
255,62,0.02962090000000117,169.70889531491534,93.0,10,100
256,63,0.02973659999999967,167.05342428150269,95.0,10,100
257,64,0.029848900000001066,167.05342428150269,96.0,10,100
258,65,0.029934799999999484,166.77175536054793,98.0,10,100
259,66,0.03004680000000093,166.77175536054793,99.0,10,100
260,67,0.030158800000000596,166.77175536054793,100.0,10,100
261,68,0.030243999999999716,166.77175536054793,101.0,10,100
262,69,0.03033169999999963,166.77175536054793,102.0,10,100
263,70,0.03042040000000057,166.77175536054793,103.0,10,100
264,71,0.030511399999999966,156.93295313697965,105.0,10,100
265,72,0.030630300000000332,156.93295313697965,106.0,10,100
266,73,0.03072370000000113,176.3831747108262,108.0,10,100
267,74,0.030810800000001137,167.79664055913432,110.0,10,100
268,75,0.030898900000000395,160.54008732665042,112.0,10,100
269,76,0.03101440000000011,160.54008732665042,113.0,10,100
270,77,0.03110290000000049,160.54008732665042,114.0,10,100
271,78,0.03122319999999945,160.54008732665042,115.0,10,100
272,79,0.03131570000000039,160.54008732665042,116.0,10,100
273,80,0.03143610000000052,160.54008732665042,117.0,10,100
274,81,0.031557700000000466,160.64525152851337,119.0,10,100
275,82,0.03164770000000061,160.64525152851337,120.0,10,100
276,83,0.031737299999999635,160.64525152851337,121.0,10,100
277,84,0.03182729999999978,172.93367361530096,123.0,10,100
278,85,0.03191789999999983,172.93367361530096,124.0,10,100
279,86,0.032010599999999556,175.39910921001305,126.0,10,100
280,87,0.03210160000000073,175.39910921001305,127.0,10,100
281,88,0.03219269999999952,175.39910921001305,128.0,10,100
282,89,0.03228700000000018,177.19933716784698,130.0,10,100
283,90,0.03237870000000065,179.85031027302205,132.0,10,100
284,91,0.032479800000000836,179.85031027302205,133.0,10,100
285,92,0.0001422000000008694,179.18878752269458,135.0,10,100
286,93,0.006639599999999746,163.54946847396087,137.0,10,100
287,94,0.0067421999999996984,164.4277191809204,139.0,10,100
288,95,0.006841500000000167,164.4277191809204,140.0,10,100
289,96,0.0069400999999995605,171.84280154193524,142.0,10,100
290,97,0.007034100000000265,171.69088089952945,144.0,10,100
291,98,0.007099600000000095,171.69088089952945,145.0,10,100
292,99,0.007196699999999723,171.18541708917408,147.0,10,100
293,100,0.007262000000000768,176.90812725959148,149.0,10,100
294,0,0.00018069999999958952,182.4047677062297,0.0,20,100
295,1,0.005959900000000573,191.23163139177692,2.0,20,100
296,2,0.006064600000000198,182.9358727996735,4.0,20,100
297,3,0.00616220000000034,185.0404975005113,6.0,20,100
298,4,0.006259599999999921,186.21451290714617,8.0,20,100
299,5,0.006351500000000954,151.35972930848914,10.0,20,100
300,6,0.006416200000000316,151.35972930848914,11.0,20,100
301,7,0.006518599999999708,151.72736358173452,13.0,20,100
302,8,0.0065840999999995375,151.72736358173452,14.0,20,100
303,9,0.006681999999999633,154.56781512361027,16.0,20,100
304,10,0.006762699999999455,176.52236705154695,18.0,20,100
305,11,0.013717700000000832,171.76740301339646,20.0,20,100
306,12,0.013798400000000655,187.72409647939233,22.0,20,100
307,13,0.013896600000000703,178.38148951902633,24.0,20,100
308,14,0.013965800000001138,178.38148951902633,25.0,20,100
309,15,0.014034099999999938,162.42479605303043,27.0,20,100
310,16,0.014101800000000608,164.40846823919625,29.0,20,100
311,17,0.014170899999999875,164.40846823919625,30.0,20,100
312,18,0.014270599999999689,164.4493705487541,32.0,20,100
313,19,0.014339899999999517,158.89677273179365,34.0,20,100
314,20,0.014408700000000607,158.89677273179365,35.0,20,100
315,21,0.01955060000000053,174.34345197865764,37.0,20,100
316,22,0.019662600000000197,174.34345197865764,38.0,20,100
317,23,0.019763499999999823,174.34345197865764,39.0,20,100
318,24,0.01986980000000038,174.8382640149766,41.0,20,100
319,25,0.019972600000000895,180.72131753979838,43.0,20,100
320,26,0.0200446000000003,180.4576100967807,45.0,20,100
321,27,0.02011620000000036,179.81812053783196,47.0,20,100
322,28,0.020188000000000983,179.81812053783196,48.0,20,100
323,29,0.02026310000000109,173.55039901783053,50.0,20,100
324,30,0.020362099999999828,171.40535598691892,52.0,20,100
325,31,0.020462000000000202,169.84299172632254,54.0,20,100
326,32,0.020535000000000636,169.84299172632254,55.0,20,100
327,33,0.020635500000000917,169.84299172632254,56.0,20,100
328,34,0.02070909999999948,158.05683331604152,58.0,20,100
329,35,0.02078260000000043,158.05683331604152,59.0,20,100
330,36,0.020857900000001095,174.24445954913742,61.0,20,100
331,37,0.02093190000000078,186.1967091420869,63.0,20,100
332,38,0.02100620000000042,197.413288515519,65.0,20,100
333,39,0.021112300000000417,193.31921518009804,67.0,20,100
334,40,0.021187700000000476,196.55988458551806,69.0,20,100
335,41,0.021297900000000425,191.26207384858103,71.0,20,100
336,42,0.021374400000000904,190.8985634038139,73.0,20,100
337,43,0.0214818999999995,192.7215661973958,75.0,20,100
338,44,0.02155869999999993,174.434898178516,77.0,20,100
339,45,0.021667700000000067,169.12636862681268,79.0,20,100
340,46,0.02177709999999955,179.3137560438348,81.0,20,100
341,47,0.021887400000000667,189.19970185169166,83.0,20,100
342,48,0.021965800000000257,183.85554880797318,85.0,20,100
343,49,0.022044400000000408,183.85554880797318,86.0,20,100
344,50,0.022122700000000606,183.85554880797318,87.0,20,100
345,51,0.028459599999999696,183.61540427943544,89.0,20,100
346,52,0.02858930000000015,183.23501957721754,91.0,20,100
347,53,0.028676100000000204,179.55510351343486,93.0,20,100
348,54,0.028793300000000244,184.75796524536474,95.0,20,100
349,55,0.028877899999999457,183.51769085988462,97.0,20,100
350,56,0.02898859999999992,160.1056689105511,99.0,20,100
351,57,0.02909830000000113,147.38165133259713,101.0,20,100
352,58,0.02921399999999963,147.38165133259713,102.0,20,100
353,59,0.02930090000000085,147.38165133259713,103.0,20,100
354,60,0.029383700000000346,147.45072401950034,105.0,20,100
355,61,0.029505999999999588,135.385226410829,107.0,20,100
356,62,0.02962090000000117,135.385226410829,108.0,20,100
357,63,0.02973659999999967,135.385226410829,109.0,20,100
358,64,0.029848900000001066,135.385226410829,110.0,20,100
359,65,0.029934799999999484,144.69551222285307,112.0,20,100
360,66,0.03004680000000093,144.69551222285307,113.0,20,100
361,67,0.030158800000000596,146.9327823047764,115.0,20,100
362,68,0.030243999999999716,144.32169780452708,117.0,20,100
363,69,0.03033169999999963,144.88533682433444,119.0,20,100
364,70,0.03042040000000057,144.88533682433444,120.0,20,100
365,71,0.030511399999999966,148.58512732603288,122.0,20,100
366,72,0.030630300000000332,155.63296382289067,124.0,20,100
367,73,0.03072370000000113,155.63296382289067,125.0,20,100
368,74,0.030810800000001137,173.39887887850367,127.0,20,100
369,75,0.030898900000000395,174.84151633804083,129.0,20,100
370,76,0.03101440000000011,168.12122060280046,131.0,20,100
371,77,0.03110290000000049,168.12122060280046,132.0,20,100
372,78,0.03122319999999945,168.12122060280046,133.0,20,100
373,79,0.03131570000000039,168.12122060280046,134.0,20,100
374,80,0.03143610000000052,160.5041896359559,136.0,20,100
375,81,0.031557700000000466,160.5041896359559,137.0,20,100
376,82,0.03164770000000061,160.5041896359559,138.0,20,100
377,83,0.031737299999999635,172.89154873574287,140.0,20,100
378,84,0.03182729999999978,172.89154873574287,141.0,20,100
379,85,0.03191789999999983,172.06992806310004,143.0,20,100
380,86,0.032010599999999556,182.12323044860742,145.0,20,100
381,87,0.03210160000000073,182.02321053673757,147.0,20,100
382,88,0.03219269999999952,164.3912950516187,149.0,20,100
383,89,0.03228700000000018,164.3912950516187,150.0,20,100
384,90,0.03237870000000065,166.6217270749161,152.0,20,100
385,91,0.032479800000000836,165.30901071559052,154.0,20,100
386,92,0.0001422000000008694,165.30901071559052,155.0,20,100
387,93,0.006639599999999746,159.94961331339502,157.0,20,100
388,94,0.0067421999999996984,159.94961331339502,158.0,20,100
389,95,0.006841500000000167,161.83855605350507,160.0,20,100
390,96,0.0069400999999995605,161.83855605350507,161.0,20,100
391,97,0.007034100000000265,161.83855605350507,162.0,20,100
392,98,0.007099600000000095,151.15394119747393,164.0,20,100
393,99,0.007196699999999723,156.97391632998472,166.0,20,100
394,100,0.007262000000000768,170.14994340313538,168.0,20,100
395,0,0.00018069999999958952,182.4047677062297,0.0,20,100
396,1,0.005959900000000573,191.23163139177692,2.0,20,100
397,2,0.006064600000000198,182.9358727996735,4.0,20,100
398,3,0.00616220000000034,185.0404975005113,6.0,20,100
399,4,0.006259599999999921,186.21451290714617,8.0,20,100
400,5,0.006351500000000954,151.35972930848914,10.0,20,100
401,6,0.006416200000000316,151.35972930848914,11.0,20,100
402,7,0.006518599999999708,151.72736358173452,13.0,20,100
403,8,0.0065840999999995375,151.72736358173452,14.0,20,100
404,9,0.006681999999999633,154.56781512361027,16.0,20,100
405,10,0.006762699999999455,176.52236705154695,18.0,20,100
406,11,0.013717700000000832,171.76740301339646,20.0,20,100
407,12,0.013798400000000655,187.72409647939233,22.0,20,100
408,13,0.013896600000000703,178.38148951902633,24.0,20,100
409,14,0.013965800000001138,178.38148951902633,25.0,20,100
410,15,0.014034099999999938,162.42479605303043,27.0,20,100
411,16,0.014101800000000608,164.40846823919625,29.0,20,100
412,17,0.014170899999999875,164.40846823919625,30.0,20,100
413,18,0.014270599999999689,164.4493705487541,32.0,20,100
414,19,0.014339899999999517,158.89677273179365,34.0,20,100
415,20,0.014408700000000607,158.89677273179365,35.0,20,100
416,21,0.01955060000000053,174.34345197865764,37.0,20,100
417,22,0.019662600000000197,174.34345197865764,38.0,20,100
418,23,0.019763499999999823,174.34345197865764,39.0,20,100
419,24,0.01986980000000038,174.8382640149766,41.0,20,100
420,25,0.019972600000000895,180.72131753979838,43.0,20,100
421,26,0.0200446000000003,180.4576100967807,45.0,20,100
422,27,0.02011620000000036,179.81812053783196,47.0,20,100
423,28,0.020188000000000983,179.81812053783196,48.0,20,100
424,29,0.02026310000000109,173.55039901783053,50.0,20,100
425,30,0.020362099999999828,171.40535598691892,52.0,20,100
426,31,0.020462000000000202,169.84299172632254,54.0,20,100
427,32,0.020535000000000636,171.12720680633896,56.0,20,100
428,33,0.020635500000000917,171.12720680633896,57.0,20,100
429,34,0.02070909999999948,157.04747018218575,59.0,20,100
430,35,0.02078260000000043,157.04747018218575,60.0,20,100
431,36,0.020857900000001095,173.23509641528165,62.0,20,100
432,37,0.02093190000000078,185.18734600823112,64.0,20,100
433,38,0.02100620000000042,191.90847856838496,66.0,20,100
434,39,0.021112300000000417,187.814405232964,68.0,20,100
435,40,0.021187700000000476,191.05507463838396,70.0,20,100
436,41,0.021297900000000425,185.75726390144695,72.0,20,100
437,42,0.021374400000000904,185.3937534566798,74.0,20,100
438,43,0.0214818999999995,187.2167562502617,76.0,20,100
439,44,0.02155869999999993,155.55626221405825,78.0,20,100
440,45,0.021667700000000067,150.2477326623549,80.0,20,100
441,46,0.02177709999999955,173.0254129033948,82.0,20,100
442,47,0.021887400000000667,182.9113587112517,84.0,20,100
443,48,0.021965800000000257,177.5672056675332,86.0,20,100
444,49,0.022044400000000408,177.5672056675332,87.0,20,100
445,50,0.022122700000000606,177.5672056675332,88.0,20,100
446,51,0.028459599999999696,177.32706113899548,90.0,20,100
447,52,0.02858930000000015,178.12029521892032,92.0,20,100
448,53,0.028676100000000204,178.12029521892032,93.0,20,100
449,54,0.028793300000000244,172.1007475894763,95.0,20,100
450,55,0.028877899999999457,172.22408187524874,97.0,20,100
451,56,0.02898859999999992,169.83014672552076,99.0,20,100
452,57,0.02909830000000113,169.83014672552076,100.0,20,100
453,58,0.02921399999999963,169.83014672552076,101.0,20,100
454,59,0.02930090000000085,169.83014672552076,102.0,20,100
455,60,0.029383700000000346,161.02753981274103,104.0,20,100
456,61,0.029505999999999588,170.67025116530502,106.0,20,100
457,62,0.02962090000000117,165.20374270252398,108.0,20,100
458,63,0.02973659999999967,168.89146081806348,110.0,20,100
459,64,0.029848900000001066,163.9747014739076,112.0,20,100
460,65,0.029934799999999484,164.36413239261245,114.0,20,100
461,66,0.03004680000000093,164.13764484700306,116.0,20,100
462,67,0.030158800000000596,161.00265055916435,118.0,20,100
463,68,0.030243999999999716,166.92886024183292,120.0,20,100
464,69,0.03033169999999963,172.04875402353105,122.0,20,100
465,70,0.03042040000000057,164.32307873386452,124.0,20,100
466,71,0.030511399999999966,164.32307873386452,125.0,20,100
467,72,0.030630300000000332,164.32307873386452,126.0,20,100
468,73,0.03072370000000113,164.32307873386452,127.0,20,100
469,74,0.030810800000001137,161.53463531694257,129.0,20,100
470,75,0.030898900000000395,161.53463531694257,130.0,20,100
471,76,0.03101440000000011,167.07747797775795,132.0,20,100
472,77,0.03110290000000049,166.610346261111,134.0,20,100
473,78,0.03122319999999945,172.21633755753845,136.0,20,100
474,79,0.03131570000000039,166.20403193070774,138.0,20,100
475,80,0.03143610000000052,174.66552192289325,140.0,20,100
476,81,0.031557700000000466,166.20403193070774,142.0,20,100
477,82,0.03164770000000061,173.30824195960474,144.0,20,100
478,83,0.031737299999999635,201.99660377182374,146.0,20,100
479,84,0.03182729999999978,180.87566749325828,148.0,20,100
480,85,0.03191789999999983,183.85031036208625,150.0,20,100
481,86,0.032010599999999556,187.15994048373676,152.0,20,100
482,87,0.03210160000000073,172.74547118979592,154.0,20,100
483,88,0.03219269999999952,171.7413136023032,156.0,20,100
484,89,0.03228700000000018,172.2920075723847,158.0,20,100
485,90,0.03237870000000065,181.22778950103952,160.0,20,100
486,91,0.032479800000000836,181.14392014939062,162.0,20,100
487,92,0.0001422000000008694,173.91833831158226,164.0,20,100
488,93,0.006639599999999746,170.96670448537856,166.0,20,100
489,94,0.0067421999999996984,167.56401231537836,168.0,20,100
490,95,0.006841500000000167,158.80901321535197,170.0,20,100
491,96,0.0069400999999995605,166.12499381605372,172.0,20,100
492,97,0.007034100000000265,172.41969028846069,174.0,20,100
493,98,0.007099600000000095,170.98815396440224,176.0,20,100
494,99,0.007196699999999723,166.53814549790016,178.0,20,100
495,100,0.007262000000000768,168.56181164121327,180.0,20,100
496,0,0.00018069999999958952,182.4047677062297,0.0,20,100
497,1,0.005959900000000573,191.23163139177692,2.0,20,100
498,2,0.006064600000000198,182.9358727996735,4.0,20,100
499,3,0.00616220000000034,185.0404975005113,6.0,20,100
500,4,0.006259599999999921,186.21451290714617,8.0,20,100
501,5,0.006351500000000954,151.35972930848914,10.0,20,100
502,6,0.006416200000000316,151.35972930848914,11.0,20,100
503,7,0.006518599999999708,151.72736358173452,13.0,20,100
504,8,0.0065840999999995375,151.72736358173452,14.0,20,100
505,9,0.006681999999999633,154.56781512361027,16.0,20,100
506,10,0.006762699999999455,176.52236705154695,18.0,20,100
507,11,0.013717700000000832,171.76740301339646,20.0,20,100
508,12,0.013798400000000655,187.72409647939233,22.0,20,100
509,13,0.013896600000000703,178.38148951902633,24.0,20,100
510,14,0.013965800000001138,178.38148951902633,25.0,20,100
511,15,0.014034099999999938,162.42479605303043,27.0,20,100
512,16,0.014101800000000608,164.40846823919625,29.0,20,100
513,17,0.014170899999999875,164.40846823919625,30.0,20,100
514,18,0.014270599999999689,164.4493705487541,32.0,20,100
515,19,0.014339899999999517,158.89677273179365,34.0,20,100
516,20,0.014408700000000607,158.89677273179365,35.0,20,100
517,21,0.01955060000000053,174.34345197865764,37.0,20,100
518,22,0.019662600000000197,174.34345197865764,38.0,20,100
519,23,0.019763499999999823,174.34345197865764,39.0,20,100
520,24,0.01986980000000038,174.8382640149766,41.0,20,100
521,25,0.019972600000000895,180.72131753979838,43.0,20,100
522,26,0.0200446000000003,180.4576100967807,45.0,20,100
523,27,0.02011620000000036,179.81812053783196,47.0,20,100
524,28,0.020188000000000983,179.81812053783196,48.0,20,100
525,29,0.02026310000000109,173.55039901783053,50.0,20,100
526,30,0.020362099999999828,171.40535598691892,52.0,20,100
527,31,0.020462000000000202,169.84299172632254,54.0,20,100
528,32,0.020535000000000636,171.12720680633896,56.0,20,100
529,33,0.020635500000000917,171.12720680633896,57.0,20,100
530,34,0.02070909999999948,157.04747018218575,59.0,20,100
531,35,0.02078260000000043,157.04747018218575,60.0,20,100
532,36,0.020857900000001095,173.23509641528165,62.0,20,100
533,37,0.02093190000000078,185.18734600823112,64.0,20,100
534,38,0.02100620000000042,191.90847856838496,66.0,20,100
535,39,0.021112300000000417,187.814405232964,68.0,20,100
536,40,0.021187700000000476,191.05507463838396,70.0,20,100
537,41,0.021297900000000425,185.75726390144695,72.0,20,100
538,42,0.021374400000000904,185.3937534566798,74.0,20,100
539,43,0.0214818999999995,187.2167562502617,76.0,20,100
540,44,0.02155869999999993,155.55626221405825,78.0,20,100
541,45,0.021667700000000067,150.2477326623549,80.0,20,100
542,46,0.02177709999999955,173.0254129033948,82.0,20,100
543,47,0.021887400000000667,182.9113587112517,84.0,20,100
544,48,0.021965800000000257,177.5672056675332,86.0,20,100
545,49,0.022044400000000408,177.5672056675332,87.0,20,100
546,50,0.022122700000000606,177.5672056675332,88.0,20,100
547,51,0.028459599999999696,177.32706113899548,90.0,20,100
548,52,0.02858930000000015,178.12029521892032,92.0,20,100
549,53,0.028676100000000204,178.12029521892032,93.0,20,100
550,54,0.028793300000000244,172.1007475894763,95.0,20,100
551,55,0.028877899999999457,172.22408187524874,97.0,20,100
552,56,0.02898859999999992,169.83014672552076,99.0,20,100
553,57,0.02909830000000113,169.83014672552076,100.0,20,100
554,58,0.02921399999999963,169.83014672552076,101.0,20,100
555,59,0.02930090000000085,169.83014672552076,102.0,20,100
556,60,0.029383700000000346,161.02753981274103,104.0,20,100
557,61,0.029505999999999588,170.67025116530502,106.0,20,100
558,62,0.02962090000000117,165.20374270252398,108.0,20,100
559,63,0.02973659999999967,168.89146081806348,110.0,20,100
560,64,0.029848900000001066,163.9747014739076,112.0,20,100
561,65,0.029934799999999484,164.36413239261245,114.0,20,100
562,66,0.03004680000000093,164.13764484700306,116.0,20,100
563,67,0.030158800000000596,161.00265055916435,118.0,20,100
564,68,0.030243999999999716,166.92886024183292,120.0,20,100
565,69,0.03033169999999963,172.04875402353105,122.0,20,100
566,70,0.03042040000000057,164.32307873386452,124.0,20,100
567,71,0.030511399999999966,164.32307873386452,125.0,20,100
568,72,0.030630300000000332,164.32307873386452,126.0,20,100
569,73,0.03072370000000113,164.32307873386452,127.0,20,100
570,74,0.030810800000001137,161.53463531694257,129.0,20,100
571,75,0.030898900000000395,161.53463531694257,130.0,20,100
572,76,0.03101440000000011,167.07747797775795,132.0,20,100
573,77,0.03110290000000049,166.610346261111,134.0,20,100
574,78,0.03122319999999945,172.21633755753845,136.0,20,100
575,79,0.03131570000000039,166.20403193070774,138.0,20,100
576,80,0.03143610000000052,174.66552192289325,140.0,20,100
577,81,0.031557700000000466,166.20403193070774,142.0,20,100
578,82,0.03164770000000061,166.20403193070774,143.0,20,100
579,83,0.031737299999999635,166.20403193070774,144.0,20,100
580,84,0.03182729999999978,166.74473380969982,146.0,20,100
581,85,0.03191789999999983,170.81400159476863,148.0,20,100
582,86,0.032010599999999556,164.55728360604382,150.0,20,100
583,87,0.03210160000000073,151.95232802080255,152.0,20,100
584,88,0.03219269999999952,151.95232802080255,153.0,20,100
585,89,0.03228700000000018,152.50302199088412,155.0,20,100
586,90,0.03237870000000065,152.50302199088412,156.0,20,100
587,91,0.032479800000000836,164.5018876515589,158.0,20,100
588,92,0.0001422000000008694,145.81408102240226,160.0,20,100
589,93,0.006639599999999746,148.133644065515,162.0,20,100
590,94,0.0067421999999996984,148.133644065515,163.0,20,100
591,95,0.006841500000000167,148.20361482386915,165.0,20,100
592,96,0.0069400999999995605,148.20361482386915,166.0,20,100
593,97,0.007034100000000265,148.20361482386915,167.0,20,100
594,98,0.007099600000000095,157.1106057152602,169.0,20,100
595,99,0.007196699999999723,153.65146994453016,171.0,20,100
596,100,0.007262000000000768,151.93739644571792,173.0,20,100
597,0,0.00018069999999958952,182.4047677062297,0.0,50,100
598,1,0.005959900000000573,191.23163139177692,2.0,50,100
599,2,0.006064600000000198,182.9358727996735,4.0,50,100
600,3,0.00616220000000034,185.0404975005113,6.0,50,100
601,4,0.006259599999999921,186.21451290714617,8.0,50,100
602,5,0.006351500000000954,151.35972930848914,10.0,50,100
603,6,0.006416200000000316,151.35972930848914,11.0,50,100
604,7,0.006518599999999708,151.72736358173452,13.0,50,100
605,8,0.0065840999999995375,151.72736358173452,14.0,50,100
606,9,0.006681999999999633,154.56781512361027,16.0,50,100
607,10,0.006762699999999455,176.52236705154695,18.0,50,100
608,11,0.013717700000000832,171.76740301339646,20.0,50,100
609,12,0.013798400000000655,187.72409647939233,22.0,50,100
610,13,0.013896600000000703,178.38148951902633,24.0,50,100
611,14,0.013965800000001138,178.38148951902633,25.0,50,100
612,15,0.014034099999999938,162.42479605303043,27.0,50,100
613,16,0.014101800000000608,164.40846823919625,29.0,50,100
614,17,0.014170899999999875,177.69373563725887,31.0,50,100
615,18,0.014270599999999689,177.73463794681672,33.0,50,100
616,19,0.014339899999999517,177.81890166229277,35.0,50,100
617,20,0.014408700000000607,175.4017363884102,37.0,50,100
618,21,0.01955060000000053,175.76814335127557,39.0,50,100
619,22,0.019662600000000197,177.12605785869965,41.0,50,100
620,23,0.019763499999999823,177.12605785869965,42.0,50,100
621,24,0.01986980000000038,164.0267833369204,44.0,50,100
622,25,0.019972600000000895,166.61037547192169,46.0,50,100
623,26,0.0200446000000003,172.24738317539695,48.0,50,100
624,27,0.02011620000000036,196.70186175134967,50.0,50,100
625,28,0.020188000000000983,196.70186175134967,51.0,50,100
626,29,0.02026310000000109,202.1316628506563,53.0,50,100
627,30,0.020362099999999828,192.35395334374493,55.0,50,100
628,31,0.020462000000000202,192.93024925541866,57.0,50,100
629,32,0.020535000000000636,193.43188441564848,59.0,50,100
630,33,0.020635500000000917,193.43188441564848,60.0,50,100
631,34,0.02070909999999948,164.34923998496697,62.0,50,100
632,35,0.02078260000000043,170.32247949828115,64.0,50,100
633,36,0.020857900000001095,170.41856431936733,66.0,50,100
634,37,0.02093190000000078,173.48691756145934,68.0,50,100
635,38,0.02100620000000042,168.64980883278042,70.0,50,100
636,39,0.021112300000000417,169.2632234247633,72.0,50,100
637,40,0.021187700000000476,167.60793827813754,74.0,50,100
638,41,0.021297900000000425,176.56306527214699,76.0,50,100
639,42,0.021374400000000904,176.1391193694422,78.0,50,100
640,43,0.0214818999999995,179.5067844480464,80.0,50,100
641,44,0.02155869999999993,152.93250818385835,82.0,50,100
642,45,0.021667700000000067,164.28307740052324,84.0,50,100
643,46,0.02177709999999955,186.82401529843895,86.0,50,100
644,47,0.021887400000000667,198.4028639400077,88.0,50,100
645,48,0.021965800000000257,198.4028639400077,89.0,50,100
646,49,0.022044400000000408,209.7026842194129,91.0,50,100
647,50,0.022122700000000606,209.30000998040708,93.0,50,100
648,51,0.028459599999999696,204.8219125286399,95.0,50,100
649,52,0.02858930000000015,182.6358530319979,97.0,50,100
650,53,0.028676100000000204,198.13218405401386,99.0,50,100
651,54,0.028793300000000244,210.65903512463018,101.0,50,100
652,55,0.028877899999999457,209.14170114608604,103.0,50,100
653,56,0.02898859999999992,209.59019982833254,105.0,50,100
654,57,0.02909830000000113,206.0613073349335,107.0,50,100
655,58,0.02921399999999963,206.25113938702654,109.0,50,100
656,59,0.02930090000000085,198.36497843355403,111.0,50,100
657,60,0.029383700000000346,200.51155155845868,113.0,50,100
658,61,0.029505999999999588,191.05794115664975,115.0,50,100
659,62,0.02962090000000117,188.60981988259226,117.0,50,100
660,63,0.02973659999999967,196.1556161219778,119.0,50,100
661,64,0.029848900000001066,182.72860311560441,121.0,50,100
662,65,0.029934799999999484,177.8107776916247,123.0,50,100
663,66,0.03004680000000093,167.91322406520763,125.0,50,100
664,67,0.030158800000000596,167.91322406520763,126.0,50,100
665,68,0.030243999999999716,173.51799178967525,128.0,50,100
666,69,0.03033169999999963,173.51799178967525,129.0,50,100
667,70,0.03042040000000057,177.61571451729503,131.0,50,100
668,71,0.030511399999999966,164.02244097556687,133.0,50,100
669,72,0.030630300000000332,163.46624057068664,135.0,50,100
670,73,0.03072370000000113,161.76423348459343,137.0,50,100
671,74,0.030810800000001137,169.3916195031155,139.0,50,100
672,75,0.030898900000000395,169.3916195031155,140.0,50,100
673,76,0.03101440000000011,171.98157971690262,142.0,50,100
674,77,0.03110290000000049,171.98157971690262,143.0,50,100
675,78,0.03122319999999945,171.7244187622922,145.0,50,100
676,79,0.03131570000000039,183.85836503831212,147.0,50,100
677,80,0.03143610000000052,178.0514696281628,149.0,50,100
678,81,0.031557700000000466,189.8737459752599,151.0,50,100
679,82,0.03164770000000061,175.73623707952106,153.0,50,100
680,83,0.031737299999999635,170.20442524748856,155.0,50,100
681,84,0.03182729999999978,164.6974336605203,157.0,50,100
682,85,0.03191789999999983,165.88620770197002,159.0,50,100
683,86,0.032010599999999556,166.1290088078281,161.0,50,100
684,87,0.03210160000000073,165.42739356228603,163.0,50,100
685,88,0.03219269999999952,169.56018782868657,165.0,50,100
686,89,0.03228700000000018,173.4926508836755,167.0,50,100
687,90,0.03237870000000065,161.87841677492167,169.0,50,100
688,91,0.032479800000000836,156.19883637116476,171.0,50,100
689,92,0.0001422000000008694,155.88122508923144,173.0,50,100
690,93,0.006639599999999746,169.4515246667265,175.0,50,100
691,94,0.0067421999999996984,159.7816653003735,177.0,50,100
692,95,0.006841500000000167,159.51612032790726,179.0,50,100
693,96,0.0069400999999995605,162.64571240639532,181.0,50,100
694,97,0.007034100000000265,161.64736456928594,183.0,50,100
695,98,0.007099600000000095,155.31446337489638,185.0,50,100
696,99,0.007196699999999723,175.12528565550426,187.0,50,100
697,100,0.007262000000000768,179.87483628039627,189.0,50,100
698,0,0.00018069999999958952,182.4047677062297,0.0,50,100
699,1,0.005959900000000573,191.23163139177692,2.0,50,100
700,2,0.006064600000000198,182.9358727996735,4.0,50,100
701,3,0.00616220000000034,185.0404975005113,6.0,50,100
702,4,0.006259599999999921,186.21451290714617,8.0,50,100
703,5,0.006351500000000954,151.35972930848914,10.0,50,100
704,6,0.006416200000000316,151.35972930848914,11.0,50,100
705,7,0.006518599999999708,151.72736358173452,13.0,50,100
706,8,0.0065840999999995375,151.72736358173452,14.0,50,100
707,9,0.006681999999999633,154.56781512361027,16.0,50,100
708,10,0.006762699999999455,176.52236705154695,18.0,50,100
709,11,0.013717700000000832,171.76740301339646,20.0,50,100
710,12,0.013798400000000655,187.72409647939233,22.0,50,100
711,13,0.013896600000000703,178.38148951902633,24.0,50,100
712,14,0.013965800000001138,178.38148951902633,25.0,50,100
713,15,0.014034099999999938,162.42479605303043,27.0,50,100
714,16,0.014101800000000608,164.40846823919625,29.0,50,100
715,17,0.014170899999999875,177.69373563725887,31.0,50,100
716,18,0.014270599999999689,177.73463794681672,33.0,50,100
717,19,0.014339899999999517,177.81890166229277,35.0,50,100
718,20,0.014408700000000607,175.4017363884102,37.0,50,100
719,21,0.01955060000000053,175.76814335127557,39.0,50,100
720,22,0.019662600000000197,177.12605785869965,41.0,50,100
721,23,0.019763499999999823,177.12605785869965,42.0,50,100
722,24,0.01986980000000038,164.0267833369204,44.0,50,100
723,25,0.019972600000000895,166.61037547192169,46.0,50,100
724,26,0.0200446000000003,172.24738317539695,48.0,50,100
725,27,0.02011620000000036,196.70186175134967,50.0,50,100
726,28,0.020188000000000983,196.70186175134967,51.0,50,100
727,29,0.02026310000000109,202.1316628506563,53.0,50,100
728,30,0.020362099999999828,192.35395334374493,55.0,50,100
729,31,0.020462000000000202,192.93024925541866,57.0,50,100
730,32,0.020535000000000636,193.43188441564848,59.0,50,100
731,33,0.020635500000000917,193.43188441564848,60.0,50,100
732,34,0.02070909999999948,164.34923998496697,62.0,50,100
733,35,0.02078260000000043,170.32247949828115,64.0,50,100
734,36,0.020857900000001095,170.41856431936733,66.0,50,100
735,37,0.02093190000000078,173.48691756145934,68.0,50,100
736,38,0.02100620000000042,168.64980883278042,70.0,50,100
737,39,0.021112300000000417,169.2632234247633,72.0,50,100
738,40,0.021187700000000476,167.60793827813754,74.0,50,100
739,41,0.021297900000000425,176.56306527214699,76.0,50,100
740,42,0.021374400000000904,176.1391193694422,78.0,50,100
741,43,0.0214818999999995,179.5067844480464,80.0,50,100
742,44,0.02155869999999993,152.93250818385835,82.0,50,100
743,45,0.021667700000000067,164.28307740052324,84.0,50,100
744,46,0.02177709999999955,186.82401529843895,86.0,50,100
745,47,0.021887400000000667,198.4028639400077,88.0,50,100
746,48,0.021965800000000257,205.1176179388845,90.0,50,100
747,49,0.022044400000000408,216.4174382182897,92.0,50,100
748,50,0.022122700000000606,216.01476397928388,94.0,50,100
749,51,0.028459599999999696,211.5366665275167,96.0,50,100
750,52,0.02858930000000015,189.3506070308747,98.0,50,100
751,53,0.028676100000000204,194.53233307479434,100.0,50,100
752,54,0.028793300000000244,204.01223871063377,102.0,50,100
753,55,0.028877899999999457,209.31229723313086,104.0,50,100
754,56,0.02898859999999992,209.76079591537737,106.0,50,100
755,57,0.02909830000000113,225.20285224196343,108.0,50,100
756,58,0.02921399999999963,224.86274956740502,110.0,50,100
757,59,0.02930090000000085,225.45486695920255,112.0,50,100
758,60,0.029383700000000346,205.59055209298225,114.0,50,100
759,61,0.029505999999999588,204.7687147741803,116.0,50,100
760,62,0.02962090000000117,198.98540856802745,118.0,50,100
761,63,0.02973659999999967,197.84240384514143,120.0,50,100
762,64,0.029848900000001066,196.2161199799368,122.0,50,100
763,65,0.029934799999999484,193.92363478602212,124.0,50,100
764,66,0.03004680000000093,189.22142728010434,126.0,50,100
765,67,0.030158800000000596,180.03503818622724,128.0,50,100
766,68,0.030243999999999716,183.65064349017192,130.0,50,100
767,69,0.03033169999999963,178.9582831298604,132.0,50,100
768,70,0.03042040000000057,178.9582831298604,133.0,50,100
769,71,0.030511399999999966,184.52336406847527,135.0,50,100
770,72,0.030630300000000332,189.22557157439306,137.0,50,100
771,73,0.03072370000000113,185.42856700794133,139.0,50,100
772,74,0.030810800000001137,189.96922778402447,141.0,50,100
773,75,0.030898900000000395,193.9663840446555,143.0,50,100
774,76,0.03101440000000011,187.71878349812286,145.0,50,100
775,77,0.03110290000000049,185.33816617480863,147.0,50,100
776,78,0.03122319999999945,185.33816617480863,148.0,50,100
777,79,0.03131570000000039,177.35714636581892,150.0,50,100
778,80,0.03143610000000052,184.86449277928335,152.0,50,100
779,81,0.031557700000000466,191.06909458518535,154.0,50,100
780,82,0.03164770000000061,196.75769585518606,156.0,50,100
781,83,0.031737299999999635,197.3837567418592,158.0,50,100
782,84,0.03182729999999978,207.751414330793,160.0,50,100
783,85,0.03191789999999983,212.06372713690507,162.0,50,100
784,86,0.032010599999999556,200.34005863740697,164.0,50,100
785,87,0.03210160000000073,197.7697299584784,166.0,50,100
786,88,0.03219269999999952,197.64973932709304,168.0,50,100
787,89,0.03228700000000018,194.11258348563598,170.0,50,100
788,90,0.03237870000000065,184.57242680356126,172.0,50,100
789,91,0.032479800000000836,184.57242680356126,173.0,50,100
790,92,0.0001422000000008694,202.84659050723957,175.0,50,100
791,93,0.006639599999999746,204.74838847120668,177.0,50,100
792,94,0.0067421999999996984,196.16265291917625,179.0,50,100
793,95,0.006841500000000167,195.33545527113097,181.0,50,100
794,96,0.0069400999999995605,195.33545527113097,182.0,50,100
795,97,0.007034100000000265,181.9981068017771,184.0,50,100
796,98,0.007099600000000095,182.73502587470082,186.0,50,100
797,99,0.007196699999999723,187.1197315062608,188.0,50,100
798,100,0.007262000000000768,187.1197315062608,189.0,50,100
799,0,0.00018069999999958952,182.4047677062297,0.0,50,100
800,1,0.005959900000000573,191.23163139177692,2.0,50,100
801,2,0.006064600000000198,182.9358727996735,4.0,50,100
802,3,0.00616220000000034,185.0404975005113,6.0,50,100
803,4,0.006259599999999921,186.21451290714617,8.0,50,100
804,5,0.006351500000000954,151.35972930848914,10.0,50,100
805,6,0.006416200000000316,151.35972930848914,11.0,50,100
806,7,0.006518599999999708,151.72736358173452,13.0,50,100
807,8,0.0065840999999995375,151.72736358173452,14.0,50,100
808,9,0.006681999999999633,154.56781512361027,16.0,50,100
809,10,0.006762699999999455,176.52236705154695,18.0,50,100
810,11,0.013717700000000832,171.76740301339646,20.0,50,100
811,12,0.013798400000000655,187.72409647939233,22.0,50,100
812,13,0.013896600000000703,178.38148951902633,24.0,50,100
813,14,0.013965800000001138,178.38148951902633,25.0,50,100
814,15,0.014034099999999938,162.42479605303043,27.0,50,100
815,16,0.014101800000000608,164.40846823919625,29.0,50,100
816,17,0.014170899999999875,177.69373563725887,31.0,50,100
817,18,0.014270599999999689,177.73463794681672,33.0,50,100
818,19,0.014339899999999517,177.81890166229277,35.0,50,100
819,20,0.014408700000000607,175.4017363884102,37.0,50,100
820,21,0.01955060000000053,175.76814335127557,39.0,50,100
821,22,0.019662600000000197,177.12605785869965,41.0,50,100
822,23,0.019763499999999823,177.12605785869965,42.0,50,100
823,24,0.01986980000000038,164.0267833369204,44.0,50,100
824,25,0.019972600000000895,166.61037547192169,46.0,50,100
825,26,0.0200446000000003,172.24738317539695,48.0,50,100
826,27,0.02011620000000036,196.70186175134967,50.0,50,100
827,28,0.020188000000000983,196.70186175134967,51.0,50,100
828,29,0.02026310000000109,202.1316628506563,53.0,50,100
829,30,0.020362099999999828,192.35395334374493,55.0,50,100
830,31,0.020462000000000202,192.93024925541866,57.0,50,100
831,32,0.020535000000000636,193.43188441564848,59.0,50,100
832,33,0.020635500000000917,193.43188441564848,60.0,50,100
833,34,0.02070909999999948,164.34923998496697,62.0,50,100
834,35,0.02078260000000043,170.32247949828115,64.0,50,100
835,36,0.020857900000001095,170.41856431936733,66.0,50,100
836,37,0.02093190000000078,173.48691756145934,68.0,50,100
837,38,0.02100620000000042,168.64980883278042,70.0,50,100
838,39,0.021112300000000417,169.2632234247633,72.0,50,100
839,40,0.021187700000000476,167.60793827813754,74.0,50,100
840,41,0.021297900000000425,176.56306527214699,76.0,50,100
841,42,0.021374400000000904,176.1391193694422,78.0,50,100
842,43,0.0214818999999995,179.5067844480464,80.0,50,100
843,44,0.02155869999999993,152.93250818385835,82.0,50,100
844,45,0.021667700000000067,164.28307740052324,84.0,50,100
845,46,0.02177709999999955,186.82401529843895,86.0,50,100
846,47,0.021887400000000667,198.4028639400077,88.0,50,100
847,48,0.021965800000000257,205.1176179388845,90.0,50,100
848,49,0.022044400000000408,216.4174382182897,92.0,50,100
849,50,0.022122700000000606,216.01476397928388,94.0,50,100
850,51,0.028459599999999696,211.5366665275167,96.0,50,100
851,52,0.02858930000000015,189.3506070308747,98.0,50,100
852,53,0.028676100000000204,194.53233307479434,100.0,50,100
853,54,0.028793300000000244,204.01223871063377,102.0,50,100
854,55,0.028877899999999457,209.31229723313086,104.0,50,100
855,56,0.02898859999999992,209.76079591537737,106.0,50,100
856,57,0.02909830000000113,225.20285224196343,108.0,50,100
857,58,0.02921399999999963,224.86274956740502,110.0,50,100
858,59,0.02930090000000085,225.45486695920255,112.0,50,100
859,60,0.029383700000000346,205.59055209298225,114.0,50,100
860,61,0.029505999999999588,204.7687147741803,116.0,50,100
861,62,0.02962090000000117,198.98540856802745,118.0,50,100
862,63,0.02973659999999967,197.84240384514143,120.0,50,100
863,64,0.029848900000001066,196.2161199799368,122.0,50,100
864,65,0.029934799999999484,193.92363478602212,124.0,50,100
865,66,0.03004680000000093,189.22142728010434,126.0,50,100
866,67,0.030158800000000596,180.03503818622724,128.0,50,100
867,68,0.030243999999999716,183.65064349017192,130.0,50,100
868,69,0.03033169999999963,178.9582831298604,132.0,50,100
869,70,0.03042040000000057,178.9582831298604,133.0,50,100
870,71,0.030511399999999966,184.52336406847527,135.0,50,100
871,72,0.030630300000000332,189.22557157439306,137.0,50,100
872,73,0.03072370000000113,185.42856700794133,139.0,50,100
873,74,0.030810800000001137,189.96922778402447,141.0,50,100
874,75,0.030898900000000395,193.9663840446555,143.0,50,100
875,76,0.03101440000000011,187.71878349812286,145.0,50,100
876,77,0.03110290000000049,185.33816617480863,147.0,50,100
877,78,0.03122319999999945,185.33816617480863,148.0,50,100
878,79,0.03131570000000039,177.35714636581892,150.0,50,100
879,80,0.03143610000000052,184.86449277928335,152.0,50,100
880,81,0.031557700000000466,191.06909458518535,154.0,50,100
881,82,0.03164770000000061,196.75769585518606,156.0,50,100
882,83,0.031737299999999635,197.3837567418592,158.0,50,100
883,84,0.03182729999999978,207.751414330793,160.0,50,100
884,85,0.03191789999999983,212.06372713690507,162.0,50,100
885,86,0.032010599999999556,200.34005863740697,164.0,50,100
886,87,0.03210160000000073,197.7697299584784,166.0,50,100
887,88,0.03219269999999952,197.64973932709304,168.0,50,100
888,89,0.03228700000000018,194.11258348563598,170.0,50,100
889,90,0.03237870000000065,184.57242680356126,172.0,50,100
890,91,0.032479800000000836,184.57242680356126,173.0,50,100
891,92,0.0001422000000008694,202.84659050723957,175.0,50,100
892,93,0.006639599999999746,204.74838847120668,177.0,50,100
893,94,0.0067421999999996984,196.16265291917625,179.0,50,100
894,95,0.006841500000000167,195.33545527113097,181.0,50,100
895,96,0.0069400999999995605,195.33545527113097,182.0,50,100
896,97,0.007034100000000265,181.9981068017771,184.0,50,100
897,98,0.007099600000000095,182.73502587470082,186.0,50,100
898,99,0.007196699999999723,187.1197315062608,188.0,50,100
899,100,0.007262000000000768,187.1197315062608,189.0,50,100
900,0,0.00018069999999958952,182.4047677062297,0.0,100,100
901,1,0.005959900000000573,191.23163139177692,2.0,100,100
902,2,0.006064600000000198,182.9358727996735,4.0,100,100
903,3,0.00616220000000034,185.0404975005113,6.0,100,100
904,4,0.006259599999999921,186.21451290714617,8.0,100,100
905,5,0.006351500000000954,151.35972930848914,10.0,100,100
906,6,0.006416200000000316,151.35972930848914,11.0,100,100
907,7,0.006518599999999708,151.72736358173452,13.0,100,100
908,8,0.0065840999999995375,151.72736358173452,14.0,100,100
909,9,0.006681999999999633,154.56781512361027,16.0,100,100
910,10,0.006762699999999455,176.52236705154695,18.0,100,100
911,11,0.013717700000000832,171.76740301339646,20.0,100,100
912,12,0.013798400000000655,187.72409647939233,22.0,100,100
913,13,0.013896600000000703,178.38148951902633,24.0,100,100
914,14,0.013965800000001138,204.56902244121346,26.0,100,100
915,15,0.014034099999999938,203.8439189861127,28.0,100,100
916,16,0.014101800000000608,205.8275911722785,30.0,100,100
917,17,0.014170899999999875,219.1128585703411,32.0,100,100
918,18,0.014270599999999689,219.27793531142916,34.0,100,100
919,19,0.014339899999999517,219.3621990269052,36.0,100,100
920,20,0.014408700000000607,216.94503375302264,38.0,100,100
921,21,0.01955060000000053,217.31144071588798,40.0,100,100
922,22,0.019662600000000197,218.66935522331207,42.0,100,100
923,23,0.019763499999999823,226.65759289031308,44.0,100,100
924,24,0.01986980000000038,224.69963361779764,46.0,100,100
925,25,0.019972600000000895,218.38934986280327,48.0,100,100
926,26,0.0200446000000003,209.45609501065698,50.0,100,100
927,27,0.02011620000000036,215.07116204693912,52.0,100,100
928,28,0.020188000000000983,228.02197544314942,54.0,100,100
929,29,0.02026310000000109,241.33635053273315,56.0,100,100
930,30,0.020362099999999828,239.14624166144856,58.0,100,100
931,31,0.020462000000000202,236.06887058305963,60.0,100,100
932,32,0.020535000000000636,216.34999915279,62.0,100,100
933,33,0.020635500000000917,216.34999915279,63.0,100,100
934,34,0.02070909999999948,226.93582768003134,65.0,100,100
935,35,0.02078260000000043,227.5300974223431,67.0,100,100
936,36,0.020857900000001095,232.2856220942635,69.0,100,100
937,37,0.02093190000000078,221.4877968522542,71.0,100,100
938,38,0.02100620000000042,202.09458303273698,73.0,100,100
939,39,0.021112300000000417,205.18679766613252,75.0,100,100
940,40,0.021187700000000476,213.05295475905422,77.0,100,100
941,41,0.021297900000000425,207.77870721752674,79.0,100,100
942,42,0.021374400000000904,203.76389974838264,81.0,100,100
943,43,0.0214818999999995,208.81678323874897,83.0,100,100
944,44,0.02155869999999993,196.67509758499446,85.0,100,100
945,45,0.021667700000000067,167.00044188427316,87.0,100,100
946,46,0.02177709999999955,162.48932981229927,89.0,100,100
947,47,0.021887400000000667,174.0641030042623,91.0,100,100
948,48,0.021965800000000257,184.33163657095417,93.0,100,100
949,49,0.022044400000000408,190.9210101285036,95.0,100,100
950,50,0.022122700000000606,207.90580701421322,97.0,100,100
951,51,0.028459599999999696,209.08015963679236,99.0,100,100
952,52,0.02858930000000015,212.4997569307294,101.0,100,100
953,53,0.028676100000000204,213.68847568622206,103.0,100,100
954,54,0.028793300000000244,213.04350551101325,105.0,100,100
955,55,0.028877899999999457,197.3634324317416,107.0,100,100
956,56,0.02898859999999992,196.60469495534704,109.0,100,100
957,57,0.02909830000000113,193.53527865885482,111.0,100,100
958,58,0.02921399999999963,186.38711974221852,113.0,100,100
959,59,0.02930090000000085,170.2032649414853,115.0,100,100
960,60,0.029383700000000346,171.33161684218055,117.0,100,100
961,61,0.029505999999999588,168.86422105378014,119.0,100,100
962,62,0.02962090000000117,168.86422105378014,120.0,100,100
963,63,0.02973659999999967,178.56834421955094,122.0,100,100
964,64,0.029848900000001066,177.27359601524836,124.0,100,100
965,65,0.029934799999999484,179.38193147973942,126.0,100,100
966,66,0.03004680000000093,161.57451119175545,128.0,100,100
967,67,0.030158800000000596,158.65271435443606,130.0,100,100
968,68,0.030243999999999716,180.24271283304506,132.0,100,100
969,69,0.03033169999999963,184.04554313277504,134.0,100,100
970,70,0.03042040000000057,203.47119542590815,136.0,100,100
971,71,0.030511399999999966,203.37401086970175,138.0,100,100
972,72,0.030630300000000332,207.03101077672451,140.0,100,100
973,73,0.03072370000000113,205.2183879533097,142.0,100,100
974,74,0.030810800000001137,201.7465402358952,144.0,100,100
975,75,0.030898900000000395,202.15670906988035,146.0,100,100
976,76,0.03101440000000011,203.84143556045743,148.0,100,100
977,77,0.03110290000000049,205.48439501597161,150.0,100,100
978,78,0.03122319999999945,204.45123930395852,152.0,100,100
979,79,0.03131570000000039,197.78657784652648,154.0,100,100
980,80,0.03143610000000052,192.41987898984405,156.0,100,100
981,81,0.031557700000000466,191.74033466414372,158.0,100,100
982,82,0.03164770000000061,186.78414967413337,160.0,100,100
983,83,0.031737299999999635,192.3846157409623,162.0,100,100
984,84,0.03182729999999978,183.87590229670067,164.0,100,100
985,85,0.03191789999999983,186.8433187492947,166.0,100,100
986,86,0.032010599999999556,186.39342102264737,168.0,100,100
987,87,0.03210160000000073,172.39158455666782,170.0,100,100
988,88,0.03219269999999952,172.39158455666782,171.0,100,100
989,89,0.03228700000000018,182.80086518028216,173.0,100,100
990,90,0.03237870000000065,185.21258702162896,175.0,100,100
991,91,0.032479800000000836,203.34358846976141,177.0,100,100
992,92,0.0001422000000008694,201.5670612834378,179.0,100,100
993,93,0.006639599999999746,205.5787292137532,181.0,100,100
994,94,0.0067421999999996984,208.1563520717869,183.0,100,100
995,95,0.006841500000000167,211.36086384321732,185.0,100,100
996,96,0.0069400999999995605,211.14042541180885,187.0,100,100
997,97,0.007034100000000265,208.82453356544391,189.0,100,100
998,98,0.007099600000000095,205.91137003159156,191.0,100,100
999,99,0.007196699999999723,183.33646106364097,193.0,100,100
1000,100,0.007262000000000768,186.35290261907488,195.0,100,100
1001,0,0.00018069999999958952,182.4047677062297,0.0,100,100
1002,1,0.005959900000000573,191.23163139177692,2.0,100,100
1003,2,0.006064600000000198,182.9358727996735,4.0,100,100
1004,3,0.00616220000000034,185.0404975005113,6.0,100,100
1005,4,0.006259599999999921,186.21451290714617,8.0,100,100
1006,5,0.006351500000000954,151.35972930848914,10.0,100,100
1007,6,0.006416200000000316,151.35972930848914,11.0,100,100
1008,7,0.006518599999999708,151.72736358173452,13.0,100,100
1009,8,0.0065840999999995375,151.72736358173452,14.0,100,100
1010,9,0.006681999999999633,154.56781512361027,16.0,100,100
1011,10,0.006762699999999455,176.52236705154695,18.0,100,100
1012,11,0.013717700000000832,171.76740301339646,20.0,100,100
1013,12,0.013798400000000655,187.72409647939233,22.0,100,100
1014,13,0.013896600000000703,178.38148951902633,24.0,100,100
1015,14,0.013965800000001138,204.56902244121346,26.0,100,100
1016,15,0.014034099999999938,203.8439189861127,28.0,100,100
1017,16,0.014101800000000608,205.8275911722785,30.0,100,100
1018,17,0.014170899999999875,219.1128585703411,32.0,100,100
1019,18,0.014270599999999689,219.27793531142916,34.0,100,100
1020,19,0.014339899999999517,219.3621990269052,36.0,100,100
1021,20,0.014408700000000607,216.94503375302264,38.0,100,100
1022,21,0.01955060000000053,217.31144071588798,40.0,100,100
1023,22,0.019662600000000197,218.66935522331207,42.0,100,100
1024,23,0.019763499999999823,226.65759289031308,44.0,100,100
1025,24,0.01986980000000038,224.69963361779764,46.0,100,100
1026,25,0.019972600000000895,218.38934986280327,48.0,100,100
1027,26,0.0200446000000003,209.45609501065698,50.0,100,100
1028,27,0.02011620000000036,215.07116204693912,52.0,100,100
1029,28,0.020188000000000983,228.02197544314942,54.0,100,100
1030,29,0.02026310000000109,241.33635053273315,56.0,100,100
1031,30,0.020362099999999828,239.14624166144856,58.0,100,100
1032,31,0.020462000000000202,236.06887058305963,60.0,100,100
1033,32,0.020535000000000636,216.34999915279,62.0,100,100
1034,33,0.020635500000000917,216.34999915279,63.0,100,100
1035,34,0.02070909999999948,226.93582768003134,65.0,100,100
1036,35,0.02078260000000043,227.5300974223431,67.0,100,100
1037,36,0.020857900000001095,232.2856220942635,69.0,100,100
1038,37,0.02093190000000078,221.4877968522542,71.0,100,100
1039,38,0.02100620000000042,202.09458303273698,73.0,100,100
1040,39,0.021112300000000417,205.18679766613252,75.0,100,100
1041,40,0.021187700000000476,213.05295475905422,77.0,100,100
1042,41,0.021297900000000425,207.77870721752674,79.0,100,100
1043,42,0.021374400000000904,203.76389974838264,81.0,100,100
1044,43,0.0214818999999995,208.81678323874897,83.0,100,100
1045,44,0.02155869999999993,196.67509758499446,85.0,100,100
1046,45,0.021667700000000067,167.00044188427316,87.0,100,100
1047,46,0.02177709999999955,162.48932981229927,89.0,100,100
1048,47,0.021887400000000667,174.0641030042623,91.0,100,100
1049,48,0.021965800000000257,184.33163657095417,93.0,100,100
1050,49,0.022044400000000408,190.9210101285036,95.0,100,100
1051,50,0.022122700000000606,207.90580701421322,97.0,100,100
1052,51,0.028459599999999696,209.08015963679236,99.0,100,100
1053,52,0.02858930000000015,212.4997569307294,101.0,100,100
1054,53,0.028676100000000204,213.68847568622206,103.0,100,100
1055,54,0.028793300000000244,213.04350551101325,105.0,100,100
1056,55,0.028877899999999457,197.3634324317416,107.0,100,100
1057,56,0.02898859999999992,196.60469495534704,109.0,100,100
1058,57,0.02909830000000113,193.53527865885482,111.0,100,100
1059,58,0.02921399999999963,186.38711974221852,113.0,100,100
1060,59,0.02930090000000085,170.2032649414853,115.0,100,100
1061,60,0.029383700000000346,171.33161684218055,117.0,100,100
1062,61,0.029505999999999588,168.86422105378014,119.0,100,100
1063,62,0.02962090000000117,168.86422105378014,120.0,100,100
1064,63,0.02973659999999967,178.56834421955094,122.0,100,100
1065,64,0.029848900000001066,177.27359601524836,124.0,100,100
1066,65,0.029934799999999484,179.38193147973942,126.0,100,100
1067,66,0.03004680000000093,161.57451119175545,128.0,100,100
1068,67,0.030158800000000596,158.65271435443606,130.0,100,100
1069,68,0.030243999999999716,180.24271283304506,132.0,100,100
1070,69,0.03033169999999963,184.04554313277504,134.0,100,100
1071,70,0.03042040000000057,203.47119542590815,136.0,100,100
1072,71,0.030511399999999966,203.37401086970175,138.0,100,100
1073,72,0.030630300000000332,207.03101077672451,140.0,100,100
1074,73,0.03072370000000113,205.2183879533097,142.0,100,100
1075,74,0.030810800000001137,201.7465402358952,144.0,100,100
1076,75,0.030898900000000395,202.15670906988035,146.0,100,100
1077,76,0.03101440000000011,203.84143556045743,148.0,100,100
1078,77,0.03110290000000049,205.48439501597161,150.0,100,100
1079,78,0.03122319999999945,204.45123930395852,152.0,100,100
1080,79,0.03131570000000039,197.78657784652648,154.0,100,100
1081,80,0.03143610000000052,192.41987898984405,156.0,100,100
1082,81,0.031557700000000466,191.74033466414372,158.0,100,100
1083,82,0.03164770000000061,186.78414967413337,160.0,100,100
1084,83,0.031737299999999635,192.3846157409623,162.0,100,100
1085,84,0.03182729999999978,183.87590229670067,164.0,100,100
1086,85,0.03191789999999983,186.8433187492947,166.0,100,100
1087,86,0.032010599999999556,186.39342102264737,168.0,100,100
1088,87,0.03210160000000073,172.39158455666782,170.0,100,100
1089,88,0.03219269999999952,172.39158455666782,171.0,100,100
1090,89,0.03228700000000018,182.80086518028216,173.0,100,100
1091,90,0.03237870000000065,185.21258702162896,175.0,100,100
1092,91,0.032479800000000836,203.34358846976141,177.0,100,100
1093,92,0.0001422000000008694,201.5670612834378,179.0,100,100
1094,93,0.006639599999999746,205.5787292137532,181.0,100,100
1095,94,0.0067421999999996984,208.1563520717869,183.0,100,100
1096,95,0.006841500000000167,211.36086384321732,185.0,100,100
1097,96,0.0069400999999995605,211.14042541180885,187.0,100,100
1098,97,0.007034100000000265,208.82453356544391,189.0,100,100
1099,98,0.007099600000000095,205.91137003159156,191.0,100,100
1100,99,0.007196699999999723,183.33646106364097,193.0,100,100
1101,100,0.007262000000000768,186.35290261907488,195.0,100,100
1102,0,0.00018069999999958952,182.4047677062297,0.0,100,100
1103,1,0.005959900000000573,191.23163139177692,2.0,100,100
1104,2,0.006064600000000198,182.9358727996735,4.0,100,100
1105,3,0.00616220000000034,185.0404975005113,6.0,100,100
1106,4,0.006259599999999921,186.21451290714617,8.0,100,100
1107,5,0.006351500000000954,151.35972930848914,10.0,100,100
1108,6,0.006416200000000316,151.35972930848914,11.0,100,100
1109,7,0.006518599999999708,151.72736358173452,13.0,100,100
1110,8,0.0065840999999995375,151.72736358173452,14.0,100,100
1111,9,0.006681999999999633,154.56781512361027,16.0,100,100
1112,10,0.006762699999999455,176.52236705154695,18.0,100,100
1113,11,0.013717700000000832,171.76740301339646,20.0,100,100
1114,12,0.013798400000000655,187.72409647939233,22.0,100,100
1115,13,0.013896600000000703,178.38148951902633,24.0,100,100
1116,14,0.013965800000001138,204.56902244121346,26.0,100,100
1117,15,0.014034099999999938,203.8439189861127,28.0,100,100
1118,16,0.014101800000000608,205.8275911722785,30.0,100,100
1119,17,0.014170899999999875,219.1128585703411,32.0,100,100
1120,18,0.014270599999999689,219.27793531142916,34.0,100,100
1121,19,0.014339899999999517,219.3621990269052,36.0,100,100
1122,20,0.014408700000000607,216.94503375302264,38.0,100,100
1123,21,0.01955060000000053,217.31144071588798,40.0,100,100
1124,22,0.019662600000000197,218.66935522331207,42.0,100,100
1125,23,0.019763499999999823,226.65759289031308,44.0,100,100
1126,24,0.01986980000000038,224.69963361779764,46.0,100,100
1127,25,0.019972600000000895,218.38934986280327,48.0,100,100
1128,26,0.0200446000000003,209.45609501065698,50.0,100,100
1129,27,0.02011620000000036,215.07116204693912,52.0,100,100
1130,28,0.020188000000000983,228.02197544314942,54.0,100,100
1131,29,0.02026310000000109,241.33635053273315,56.0,100,100
1132,30,0.020362099999999828,239.14624166144856,58.0,100,100
1133,31,0.020462000000000202,236.06887058305963,60.0,100,100
1134,32,0.020535000000000636,216.34999915279,62.0,100,100
1135,33,0.020635500000000917,216.34999915279,63.0,100,100
1136,34,0.02070909999999948,226.93582768003134,65.0,100,100
1137,35,0.02078260000000043,227.5300974223431,67.0,100,100
1138,36,0.020857900000001095,232.2856220942635,69.0,100,100
1139,37,0.02093190000000078,221.4877968522542,71.0,100,100
1140,38,0.02100620000000042,202.09458303273698,73.0,100,100
1141,39,0.021112300000000417,205.18679766613252,75.0,100,100
1142,40,0.021187700000000476,213.05295475905422,77.0,100,100
1143,41,0.021297900000000425,207.77870721752674,79.0,100,100
1144,42,0.021374400000000904,203.76389974838264,81.0,100,100
1145,43,0.0214818999999995,208.81678323874897,83.0,100,100
1146,44,0.02155869999999993,196.67509758499446,85.0,100,100
1147,45,0.021667700000000067,167.00044188427316,87.0,100,100
1148,46,0.02177709999999955,162.48932981229927,89.0,100,100
1149,47,0.021887400000000667,174.0641030042623,91.0,100,100
1150,48,0.021965800000000257,184.33163657095417,93.0,100,100
1151,49,0.022044400000000408,190.9210101285036,95.0,100,100
1152,50,0.022122700000000606,207.90580701421322,97.0,100,100
1153,51,0.028459599999999696,209.08015963679236,99.0,100,100
1154,52,0.02858930000000015,212.4997569307294,101.0,100,100
1155,53,0.028676100000000204,213.68847568622206,103.0,100,100
1156,54,0.028793300000000244,213.04350551101325,105.0,100,100
1157,55,0.028877899999999457,197.3634324317416,107.0,100,100
1158,56,0.02898859999999992,196.60469495534704,109.0,100,100
1159,57,0.02909830000000113,193.53527865885482,111.0,100,100
1160,58,0.02921399999999963,186.38711974221852,113.0,100,100
1161,59,0.02930090000000085,170.2032649414853,115.0,100,100
1162,60,0.029383700000000346,171.33161684218055,117.0,100,100
1163,61,0.029505999999999588,168.86422105378014,119.0,100,100
1164,62,0.02962090000000117,168.86422105378014,120.0,100,100
1165,63,0.02973659999999967,178.56834421955094,122.0,100,100
1166,64,0.029848900000001066,177.27359601524836,124.0,100,100
1167,65,0.029934799999999484,179.38193147973942,126.0,100,100
1168,66,0.03004680000000093,161.57451119175545,128.0,100,100
1169,67,0.030158800000000596,158.65271435443606,130.0,100,100
1170,68,0.030243999999999716,180.24271283304506,132.0,100,100
1171,69,0.03033169999999963,184.04554313277504,134.0,100,100
1172,70,0.03042040000000057,203.47119542590815,136.0,100,100
1173,71,0.030511399999999966,203.37401086970175,138.0,100,100
1174,72,0.030630300000000332,207.03101077672451,140.0,100,100
1175,73,0.03072370000000113,205.2183879533097,142.0,100,100
1176,74,0.030810800000001137,201.7465402358952,144.0,100,100
1177,75,0.030898900000000395,202.15670906988035,146.0,100,100
1178,76,0.03101440000000011,203.84143556045743,148.0,100,100
1179,77,0.03110290000000049,205.48439501597161,150.0,100,100
1180,78,0.03122319999999945,204.45123930395852,152.0,100,100
1181,79,0.03131570000000039,197.78657784652648,154.0,100,100
1182,80,0.03143610000000052,192.41987898984405,156.0,100,100
1183,81,0.031557700000000466,191.74033466414372,158.0,100,100
1184,82,0.03164770000000061,186.78414967413337,160.0,100,100
1185,83,0.031737299999999635,192.3846157409623,162.0,100,100
1186,84,0.03182729999999978,183.87590229670067,164.0,100,100
1187,85,0.03191789999999983,186.8433187492947,166.0,100,100
1188,86,0.032010599999999556,186.39342102264737,168.0,100,100
1189,87,0.03210160000000073,172.39158455666782,170.0,100,100
1190,88,0.03219269999999952,172.39158455666782,171.0,100,100
1191,89,0.03228700000000018,182.80086518028216,173.0,100,100
1192,90,0.03237870000000065,185.21258702162896,175.0,100,100
1193,91,0.032479800000000836,203.34358846976141,177.0,100,100
1194,92,0.0001422000000008694,201.5670612834378,179.0,100,100
1195,93,0.006639599999999746,205.5787292137532,181.0,100,100
1196,94,0.0067421999999996984,208.1563520717869,183.0,100,100
1197,95,0.006841500000000167,211.36086384321732,185.0,100,100
1198,96,0.0069400999999995605,211.14042541180885,187.0,100,100
1199,97,0.007034100000000265,208.82453356544391,189.0,100,100
1200,98,0.007099600000000095,205.91137003159156,191.0,100,100
1201,99,0.007196699999999723,183.33646106364097,193.0,100,100
1202,100,0.007262000000000768,186.35290261907488,195.0,100,100
