,Iteration,Time,Fitness,FEvals,Population Size,Mutation Rate,max_iters,hamming_factors_decays
0,0,0.0036193999999998283,182.4047677062297,100.0,100,0.2,100,
1,1,0.02139179999999996,138.84411657201883,202.0,100,0.2,100,
2,2,0.03462440000000022,138.84411657201883,303.0,100,0.2,100,
3,3,0.04796289999999992,138.84411657201883,404.0,100,0.2,100,
4,4,0.06269090000000155,133.63210806668587,506.0,100,0.2,100,
5,5,0.07630990000000004,133.63210806668587,607.0,100,0.2,100,
6,6,0.09013090000000012,133.63210806668587,708.0,100,0.2,100,
7,7,0.1046168999999999,129.5834133614058,810.0,100,0.2,100,
8,8,0.11775370000000152,127.33966896814945,912.0,100,0.2,100,
9,9,0.13045600000000057,126.30711133949723,1014.0,100,0.2,100,
10,10,0.14286810000000116,125.2118757979966,1116.0,100,0.2,100,
11,11,0.16206500000000013,123.93355754549907,1218.0,100,0.2,100,
12,12,0.17575930000000106,120.88608634475369,1320.0,100,0.2,100,
13,13,0.18829780000000085,120.88608634475369,1421.0,100,0.2,100,
14,14,0.20129640000000038,119.49409297796534,1523.0,100,0.2,100,
15,15,0.216288500000001,119.49409297796534,1624.0,100,0.2,100,
16,16,0.22902850000000008,118.15032785095808,1726.0,100,0.2,100,
17,17,0.2415571000000014,113.37158665863255,1828.0,100,0.2,100,
18,18,0.2545459000000001,113.37158665863255,1929.0,100,0.2,100,
19,19,0.26814610000000094,113.37158665863255,2030.0,100,0.2,100,
20,20,0.28066990000000125,108.32289356027259,2132.0,100,0.2,100,
21,21,0.3002229000000014,108.32289356027259,2233.0,100,0.2,100,
22,22,0.31292030000000004,105.8999972791391,2335.0,100,0.2,100,
23,23,0.32549830000000135,105.8999972791391,2436.0,100,0.2,100,
24,24,0.33812130000000096,105.35881833498792,2538.0,100,0.2,100,
25,25,0.3514040999999999,94.84864663257032,2640.0,100,0.2,100,
26,26,0.36672680000000035,94.84864663257032,2741.0,100,0.2,100,
27,27,0.37972670000000086,94.84864663257032,2842.0,100,0.2,100,
28,28,0.3935088000000011,94.84864663257032,2943.0,100,0.2,100,
29,29,0.40653960000000033,94.84864663257032,3044.0,100,0.2,100,
30,30,0.42190120000000064,94.84864663257032,3145.0,100,0.2,100,
31,31,0.4350215000000013,94.84864663257032,3246.0,100,0.2,100,
32,32,0.4477808000000003,94.84864663257032,3347.0,100,0.2,100,
33,33,0.46062090000000033,94.84864663257032,3448.0,100,0.2,100,
34,34,0.47585740000000065,94.84864663257032,3549.0,100,0.2,100,
35,35,0.48837940000000124,91.72961780587055,3651.0,100,0.2,100,
36,36,0.5027792000000009,91.72961780587055,3752.0,100,0.2,100,
37,37,0.5165350000000011,91.72961780587055,3853.0,100,0.2,100,
38,38,0.5299450000000014,91.47916333460611,3955.0,100,0.2,100,
39,39,0.5425315000000008,90.48930660834164,4057.0,100,0.2,100,
40,40,0.5552561000000011,87.17320195290708,4159.0,100,0.2,100,
41,41,0.5680130999999999,87.17320195290708,4260.0,100,0.2,100,
42,42,0.5808483000000013,87.17320195290708,4361.0,100,0.2,100,
43,43,0.5946132000000013,87.17320195290708,4462.0,100,0.2,100,
44,44,0.6099644000000009,87.17320195290708,4563.0,100,0.2,100,
45,45,0.6226251000000005,87.17320195290708,4664.0,100,0.2,100,
46,46,0.6366738999999999,87.17320195290708,4765.0,100,0.2,100,
47,47,0.6492560000000012,87.17320195290708,4866.0,100,0.2,100,
48,48,0.6620923000000012,87.17320195290708,4967.0,100,0.2,100,
49,49,0.6757629999999999,83.7137468642838,5069.0,100,0.2,100,
50,50,0.6894496000000014,83.7137468642838,5170.0,100,0.2,100,
51,51,0.7087710000000005,83.7137468642838,5271.0,100,0.2,100,
52,52,0.7223047999999999,83.7137468642838,5372.0,100,0.2,100,
53,53,0.7377736000000006,83.7137468642838,5473.0,100,0.2,100,
54,54,0.7523904000000012,83.7137468642838,5574.0,100,0.2,100,
55,55,0.7657794000000013,83.7137468642838,5675.0,100,0.2,100,
56,56,0.7785761000000004,83.7137468642838,5776.0,100,0.2,100,
57,57,0.7911810000000017,83.7137468642838,5877.0,100,0.2,100,
58,58,0.8038240999999999,83.7137468642838,5978.0,100,0.2,100,
59,59,0.8171737999999991,83.7137468642838,6079.0,100,0.2,100,
60,0,0.0036193999999998283,182.4047677062297,100.0,100,0.4,100,
61,1,0.02139179999999996,145.78483194664844,202.0,100,0.4,100,
62,2,0.03462440000000022,145.78483194664844,303.0,100,0.4,100,
63,3,0.04796289999999992,137.96781182575543,405.0,100,0.4,100,
64,4,0.06269090000000155,137.96781182575543,506.0,100,0.4,100,
65,5,0.07630990000000004,137.96781182575543,607.0,100,0.4,100,
66,6,0.09013090000000012,124.45544102260725,709.0,100,0.4,100,
67,7,0.1046168999999999,124.45544102260725,810.0,100,0.4,100,
68,8,0.11775370000000152,120.96803951245454,912.0,100,0.4,100,
69,9,0.13045600000000057,120.96803951245454,1013.0,100,0.4,100,
70,10,0.14286810000000116,115.0931187382896,1115.0,100,0.4,100,
71,11,0.16206500000000013,115.0931187382896,1216.0,100,0.4,100,
72,12,0.17575930000000106,115.0931187382896,1317.0,100,0.4,100,
73,13,0.18829780000000085,115.0931187382896,1418.0,100,0.4,100,
74,14,0.20129640000000038,97.38115807955973,1520.0,100,0.4,100,
75,15,0.216288500000001,97.38115807955973,1621.0,100,0.4,100,
76,16,0.22902850000000008,97.38115807955973,1722.0,100,0.4,100,
77,17,0.2415571000000014,97.38115807955973,1823.0,100,0.4,100,
78,18,0.2545459000000001,97.38115807955973,1924.0,100,0.4,100,
79,19,0.26814610000000094,97.38115807955973,2025.0,100,0.4,100,
80,20,0.28066990000000125,97.38115807955973,2126.0,100,0.4,100,
81,21,0.3002229000000014,97.38115807955973,2227.0,100,0.4,100,
82,22,0.31292030000000004,97.38115807955973,2328.0,100,0.4,100,
83,23,0.32549830000000135,97.38115807955973,2429.0,100,0.4,100,
84,24,0.33812130000000096,97.38115807955973,2530.0,100,0.4,100,
85,0,0.0036193999999998283,182.4047677062297,100.0,100,0.6,100,
86,1,0.02139179999999996,147.72441400499065,202.0,100,0.6,100,
87,2,0.03462440000000022,138.84411657201883,304.0,100,0.6,100,
88,3,0.04796289999999992,133.65598953093956,406.0,100,0.6,100,
89,4,0.06269090000000155,133.65598953093956,507.0,100,0.6,100,
90,5,0.07630990000000004,127.35215721960068,609.0,100,0.6,100,
91,6,0.09013090000000012,113.08109387257039,711.0,100,0.6,100,
92,7,0.1046168999999999,113.08109387257039,812.0,100,0.6,100,
93,8,0.11775370000000152,113.08109387257039,913.0,100,0.6,100,
94,9,0.13045600000000057,113.08109387257039,1014.0,100,0.6,100,
95,10,0.14286810000000116,113.08109387257039,1115.0,100,0.6,100,
96,11,0.16206500000000013,113.08109387257039,1216.0,100,0.6,100,
97,12,0.17575930000000106,113.08109387257039,1317.0,100,0.6,100,
98,13,0.18829780000000085,109.43723047995938,1419.0,100,0.6,100,
99,14,0.20129640000000038,109.43723047995938,1520.0,100,0.6,100,
100,15,0.216288500000001,109.41858997065532,1622.0,100,0.6,100,
101,16,0.22902850000000008,108.79593236889436,1724.0,100,0.6,100,
102,17,0.2415571000000014,108.79593236889436,1825.0,100,0.6,100,
103,18,0.2545459000000001,107.48359937195322,1927.0,100,0.6,100,
104,19,0.26814610000000094,107.48359937195322,2028.0,100,0.6,100,
105,20,0.28066990000000125,107.48359937195322,2129.0,100,0.6,100,
106,21,0.3002229000000014,107.48359937195322,2230.0,100,0.6,100,
107,22,0.31292030000000004,107.48359937195322,2331.0,100,0.6,100,
108,23,0.32549830000000135,103.65790631629284,2433.0,100,0.6,100,
109,24,0.33812130000000096,103.65790631629284,2534.0,100,0.6,100,
110,25,0.3514040999999999,103.65790631629284,2635.0,100,0.6,100,
111,26,0.36672680000000035,103.65790631629284,2736.0,100,0.6,100,
112,27,0.37972670000000086,103.65790631629284,2837.0,100,0.6,100,
113,28,0.3935088000000011,103.65790631629284,2938.0,100,0.6,100,
114,29,0.40653960000000033,103.65790631629284,3039.0,100,0.6,100,
115,30,0.42190120000000064,102.67129277823362,3141.0,100,0.6,100,
116,31,0.4350215000000013,102.67129277823362,3242.0,100,0.6,100,
117,32,0.4477808000000003,100.94928514066645,3344.0,100,0.6,100,
118,33,0.46062090000000033,100.94928514066645,3445.0,100,0.6,100,
119,34,0.47585740000000065,100.94928514066645,3546.0,100,0.6,100,
120,35,0.48837940000000124,100.91008057087251,3648.0,100,0.6,100,
121,36,0.5027792000000009,100.91008057087251,3749.0,100,0.6,100,
122,37,0.5165350000000011,100.91008057087251,3850.0,100,0.6,100,
123,38,0.5299450000000014,100.91008057087251,3951.0,100,0.6,100,
124,39,0.5425315000000008,100.22800130014637,4053.0,100,0.6,100,
125,40,0.5552561000000011,99.95070180183625,4155.0,100,0.6,100,
126,41,0.5680130999999999,99.55374538247413,4257.0,100,0.6,100,
127,42,0.5808483000000013,98.58429246989299,4359.0,100,0.6,100,
128,43,0.5946132000000013,97.83173774490695,4461.0,100,0.6,100,
129,44,0.6099644000000009,97.83173774490695,4562.0,100,0.6,100,
130,45,0.6226251000000005,97.83173774490695,4663.0,100,0.6,100,
131,46,0.6366738999999999,97.11045390438689,4765.0,100,0.6,100,
132,47,0.6492560000000012,97.11045390438689,4866.0,100,0.6,100,
133,48,0.6620923000000012,97.11045390438689,4967.0,100,0.6,100,
134,49,0.6757629999999999,95.4667450741335,5069.0,100,0.6,100,
135,50,0.6894496000000014,95.4667450741335,5170.0,100,0.6,100,
136,51,0.7087710000000005,95.4667450741335,5271.0,100,0.6,100,
137,52,0.7223047999999999,95.4667450741335,5372.0,100,0.6,100,
138,53,0.7377736000000006,95.4667450741335,5473.0,100,0.6,100,
139,54,0.7523904000000012,95.4667450741335,5574.0,100,0.6,100,
140,55,0.7657794000000013,95.12789792040543,5676.0,100,0.6,100,
141,56,0.7785761000000004,95.12789792040543,5777.0,100,0.6,100,
142,57,0.7911810000000017,93.380789422251,5879.0,100,0.6,100,
143,58,0.8038240999999999,93.380789422251,5980.0,100,0.6,100,
144,59,0.8171737999999991,92.86360925306232,6082.0,100,0.6,100,
145,60,0.003836500000002019,92.86360925306232,6183.0,100,0.6,100,
146,61,0.024110600000000204,92.86360925306232,6284.0,100,0.6,100,
147,62,0.03722580000000164,92.86360925306232,6385.0,100,0.6,100,
148,63,0.05141079999999931,92.86360925306232,6486.0,100,0.6,100,
149,64,0.06609150000000241,92.86360925306232,6587.0,100,0.6,100,
150,65,0.07899490000000142,92.86360925306232,6688.0,100,0.6,100,
151,66,0.09352100000000263,91.21990042280893,6790.0,100,0.6,100,
152,67,0.10754900000000234,91.21990042280893,6891.0,100,0.6,100,
153,68,0.12043560000000042,91.21990042280893,6992.0,100,0.6,100,
154,69,0.13306320000000227,91.21990042280893,7093.0,100,0.6,100,
155,70,0.14974929999999986,91.21990042280893,7194.0,100,0.6,100,
156,71,0.17023430000000062,91.21990042280893,7295.0,100,0.6,100,
157,72,0.18299060000000011,91.21990042280893,7396.0,100,0.6,100,
158,73,0.19729320000000072,91.21990042280893,7497.0,100,0.6,100,
159,74,0.21300820000000087,91.21990042280893,7598.0,100,0.6,100,
160,75,0.22704590000000024,89.98469180164318,7700.0,100,0.6,100,
161,76,0.2411709000000002,89.98469180164318,7801.0,100,0.6,100,
162,77,0.2546360000000014,84.52612557419755,7903.0,100,0.6,100,
163,78,0.2678848000000009,84.52612557419755,8004.0,100,0.6,100,
164,79,0.28146600000000177,84.52612557419755,8105.0,100,0.6,100,
165,80,0.294504400000001,84.52612557419755,8206.0,100,0.6,100,
166,81,0.3189086000000003,84.52612557419755,8307.0,100,0.6,100,
167,82,0.3331551000000026,84.52612557419755,8408.0,100,0.6,100,
168,83,0.34678639999999916,84.52612557419754,8510.0,100,0.6,100,
169,84,0.36113570000000195,84.52612557419754,8611.0,100,0.6,100,
170,85,0.004201299999998298,84.52612557419754,8712.0,100,0.6,100,
171,86,0.0230567999999991,79.61843247601172,8814.0,100,0.6,100,
172,87,0.036821999999997246,79.61843247601172,8915.0,100,0.6,100,
173,88,0.049421099999999996,79.61843247601172,9016.0,100,0.6,100,
174,89,0.06245479999999759,79.61843247601172,9117.0,100,0.6,100,
175,90,0.07840530000000001,79.61843247601172,9218.0,100,0.6,100,
176,91,0.090989399999998,79.61843247601172,9319.0,100,0.6,100,
177,92,0.10388969999999986,79.61843247601172,9420.0,100,0.6,100,
178,93,0.11713759999999951,79.61843247601172,9521.0,100,0.6,100,
179,94,0.1295940999999985,79.61843247601172,9622.0,100,0.6,100,
180,95,0.14445819999999898,79.61843247601172,9723.0,100,0.6,100,
181,96,0.16494579999999814,79.61843247601172,9824.0,100,0.6,100,
182,0,0.0036193999999998283,182.4047677062297,100.0,100,0.8,100,
183,1,0.02139179999999996,147.72441400499065,202.0,100,0.8,100,
184,2,0.03462440000000022,146.97702189645213,304.0,100,0.8,100,
185,3,0.04796289999999992,127.48639300612746,406.0,100,0.8,100,
186,4,0.06269090000000155,127.48639300612746,507.0,100,0.8,100,
187,5,0.07630990000000004,127.48639300612746,608.0,100,0.8,100,
188,6,0.09013090000000012,109.16719545328014,710.0,100,0.8,100,
189,7,0.1046168999999999,109.16719545328014,811.0,100,0.8,100,
190,8,0.11775370000000152,108.62987626528938,913.0,100,0.8,100,
191,9,0.13045600000000057,108.62987626528938,1014.0,100,0.8,100,
192,10,0.14286810000000116,102.99670267337532,1116.0,100,0.8,100,
193,11,0.16206500000000013,97.1188483926356,1218.0,100,0.8,100,
194,12,0.17575930000000106,97.1188483926356,1319.0,100,0.8,100,
195,13,0.18829780000000085,97.1188483926356,1420.0,100,0.8,100,
196,14,0.20129640000000038,97.1188483926356,1521.0,100,0.8,100,
197,15,0.216288500000001,97.1188483926356,1622.0,100,0.8,100,
198,16,0.22902850000000008,97.1188483926356,1723.0,100,0.8,100,
199,17,0.2415571000000014,97.1188483926356,1824.0,100,0.8,100,
200,18,0.2545459000000001,97.1188483926356,1925.0,100,0.8,100,
201,19,0.26814610000000094,97.1188483926356,2026.0,100,0.8,100,
202,20,0.28066990000000125,97.1188483926356,2127.0,100,0.8,100,
203,21,0.3002229000000014,97.1188483926356,2228.0,100,0.8,100,
204,0,0.0036193999999998283,182.4047677062297,200.0,200,0.2,100,
205,1,0.02139179999999996,145.20784107394675,402.0,200,0.2,100,
206,2,0.03462440000000022,141.23714581245264,604.0,200,0.2,100,
207,3,0.04796289999999992,131.12826009948088,806.0,200,0.2,100,
208,4,0.06269090000000155,119.90408565089729,1008.0,200,0.2,100,
209,5,0.07630990000000004,119.90408565089729,1209.0,200,0.2,100,
210,6,0.09013090000000012,119.71050133025841,1411.0,200,0.2,100,
211,7,0.1046168999999999,115.46553083253929,1613.0,200,0.2,100,
212,8,0.11775370000000152,113.06178199959831,1815.0,200,0.2,100,
213,9,0.13045600000000057,113.06178199959831,2016.0,200,0.2,100,
214,10,0.14286810000000116,107.00914515297961,2218.0,200,0.2,100,
215,11,0.16206500000000013,107.00914515297961,2419.0,200,0.2,100,
216,12,0.17575930000000106,107.00914515297961,2620.0,200,0.2,100,
217,13,0.18829780000000085,98.35771966004225,2822.0,200,0.2,100,
218,14,0.20129640000000038,98.35771966004225,3023.0,200,0.2,100,
219,15,0.216288500000001,98.35771966004225,3224.0,200,0.2,100,
220,16,0.22902850000000008,98.35771966004225,3425.0,200,0.2,100,
221,17,0.2415571000000014,98.35771966004225,3626.0,200,0.2,100,
222,18,0.2545459000000001,94.95118467462906,3828.0,200,0.2,100,
223,19,0.26814610000000094,93.56064149445449,4030.0,200,0.2,100,
224,20,0.28066990000000125,93.56064149445449,4231.0,200,0.2,100,
225,21,0.3002229000000014,93.56064149445449,4432.0,200,0.2,100,
226,22,0.31292030000000004,93.26664588532168,4634.0,200,0.2,100,
227,23,0.32549830000000135,90.79218573842911,4836.0,200,0.2,100,
228,24,0.33812130000000096,88.98857126942812,5038.0,200,0.2,100,
229,25,0.3514040999999999,88.98857126942812,5239.0,200,0.2,100,
230,26,0.36672680000000035,88.98857126942812,5440.0,200,0.2,100,
231,27,0.37972670000000086,88.90905613955796,5642.0,200,0.2,100,
232,28,0.3935088000000011,88.90905613955796,5843.0,200,0.2,100,
233,29,0.40653960000000033,88.90905613955796,6044.0,200,0.2,100,
234,30,0.42190120000000064,88.3426968930681,6246.0,200,0.2,100,
235,31,0.4350215000000013,88.3426968930681,6447.0,200,0.2,100,
236,32,0.4477808000000003,85.86500270821034,6649.0,200,0.2,100,
237,33,0.46062090000000033,85.86500270821034,6850.0,200,0.2,100,
238,34,0.47585740000000065,85.86500270821034,7051.0,200,0.2,100,
239,35,0.48837940000000124,84.61769703886685,7253.0,200,0.2,100,
240,36,0.5027792000000009,84.61769703886685,7454.0,200,0.2,100,
241,37,0.5165350000000011,84.61769703886685,7655.0,200,0.2,100,
242,38,0.5299450000000014,84.27920378619348,7857.0,200,0.2,100,
243,39,0.5425315000000008,82.47681753098217,8059.0,200,0.2,100,
244,40,0.5552561000000011,82.47681753098217,8260.0,200,0.2,100,
245,41,0.5680130999999999,82.47681753098217,8461.0,200,0.2,100,
246,42,0.5808483000000013,82.47681753098217,8662.0,200,0.2,100,
247,43,0.5946132000000013,82.47681753098217,8863.0,200,0.2,100,
248,44,0.6099644000000009,82.47681753098217,9064.0,200,0.2,100,
249,45,0.6226251000000005,80.17091751924305,9266.0,200,0.2,100,
250,46,0.6366738999999999,80.17091751924305,9467.0,200,0.2,100,
251,47,0.6492560000000012,80.17091751924305,9668.0,200,0.2,100,
252,48,0.6620923000000012,80.17091751924305,9869.0,200,0.2,100,
253,49,0.6757629999999999,78.56506954370909,10071.0,200,0.2,100,
254,50,0.6894496000000014,78.56506954370909,10272.0,200,0.2,100,
255,51,0.7087710000000005,78.56506954370909,10473.0,200,0.2,100,
256,52,0.7223047999999999,78.56506954370909,10674.0,200,0.2,100,
257,53,0.7377736000000006,78.56506954370909,10875.0,200,0.2,100,
258,54,0.7523904000000012,78.56506954370909,11076.0,200,0.2,100,
259,55,0.7657794000000013,78.56506954370909,11277.0,200,0.2,100,
260,56,0.7785761000000004,78.56506954370909,11478.0,200,0.2,100,
261,57,0.7911810000000017,77.43805837372999,11680.0,200,0.2,100,
262,58,0.8038240999999999,77.43805837372999,11881.0,200,0.2,100,
263,59,0.8171737999999991,77.43805837372999,12082.0,200,0.2,100,
264,60,0.003836500000002019,77.43805837372999,12283.0,200,0.2,100,
265,61,0.024110600000000204,77.43805837372999,12484.0,200,0.2,100,
266,62,0.03722580000000164,77.43805837372999,12685.0,200,0.2,100,
267,63,0.05141079999999931,77.43805837372999,12886.0,200,0.2,100,
268,64,0.06609150000000241,77.43805837372999,13087.0,200,0.2,100,
269,65,0.07899490000000142,77.43805837372999,13288.0,200,0.2,100,
270,66,0.09352100000000263,77.43805837372999,13489.0,200,0.2,100,
271,67,0.10754900000000234,77.43805837372999,13690.0,200,0.2,100,
272,0,0.0036193999999998283,182.4047677062297,200.0,200,0.4,100,
273,1,0.02139179999999996,145.20784107394675,402.0,200,0.4,100,
274,2,0.03462440000000022,128.70336758058392,604.0,200,0.4,100,
275,3,0.04796289999999992,128.70336758058392,805.0,200,0.4,100,
276,4,0.06269090000000155,128.70336758058392,1006.0,200,0.4,100,
277,5,0.07630990000000004,126.176318175137,1208.0,200,0.4,100,
278,6,0.09013090000000012,123.85992732348608,1410.0,200,0.4,100,
279,7,0.1046168999999999,115.7800238594661,1612.0,200,0.4,100,
280,8,0.11775370000000152,115.7800238594661,1813.0,200,0.4,100,
281,9,0.13045600000000057,115.7800238594661,2014.0,200,0.4,100,
282,10,0.14286810000000116,108.23567476098869,2216.0,200,0.4,100,
283,11,0.16206500000000013,108.23567476098869,2417.0,200,0.4,100,
284,12,0.17575930000000106,105.81523006144481,2619.0,200,0.4,100,
285,13,0.18829780000000085,105.81523006144481,2820.0,200,0.4,100,
286,14,0.20129640000000038,105.64679107533385,3022.0,200,0.4,100,
287,15,0.216288500000001,91.63280495106805,3224.0,200,0.4,100,
288,16,0.22902850000000008,91.63280495106805,3425.0,200,0.4,100,
289,17,0.2415571000000014,90.69881312578666,3627.0,200,0.4,100,
290,18,0.2545459000000001,90.69881312578666,3828.0,200,0.4,100,
291,19,0.26814610000000094,90.69881312578666,4029.0,200,0.4,100,
292,20,0.28066990000000125,90.69881312578666,4230.0,200,0.4,100,
293,21,0.3002229000000014,90.69881312578666,4431.0,200,0.4,100,
294,22,0.31292030000000004,90.69881312578666,4632.0,200,0.4,100,
295,23,0.32549830000000135,90.69881312578666,4833.0,200,0.4,100,
296,24,0.33812130000000096,90.69881312578666,5034.0,200,0.4,100,
297,25,0.3514040999999999,90.69881312578666,5235.0,200,0.4,100,
298,26,0.36672680000000035,83.58466560950325,5437.0,200,0.4,100,
299,27,0.37972670000000086,83.58466560950325,5638.0,200,0.4,100,
300,28,0.3935088000000011,83.58466560950325,5839.0,200,0.4,100,
301,29,0.40653960000000033,83.58466560950325,6040.0,200,0.4,100,
302,30,0.42190120000000064,83.58466560950325,6241.0,200,0.4,100,
303,31,0.4350215000000013,83.58466560950325,6442.0,200,0.4,100,
304,32,0.4477808000000003,83.58466560950325,6643.0,200,0.4,100,
305,33,0.46062090000000033,83.58466560950325,6844.0,200,0.4,100,
306,34,0.47585740000000065,78.81709712798533,7046.0,200,0.4,100,
307,35,0.48837940000000124,78.81709712798533,7247.0,200,0.4,100,
308,36,0.5027792000000009,78.81709712798533,7448.0,200,0.4,100,
309,37,0.5165350000000011,78.81709712798533,7649.0,200,0.4,100,
310,38,0.5299450000000014,78.81709712798533,7850.0,200,0.4,100,
311,39,0.5425315000000008,78.81709712798533,8051.0,200,0.4,100,
312,40,0.5552561000000011,78.81709712798533,8252.0,200,0.4,100,
313,41,0.5680130999999999,78.62055884830801,8454.0,200,0.4,100,
314,42,0.5808483000000013,78.62055884830801,8655.0,200,0.4,100,
315,43,0.5946132000000013,78.62055884830801,8856.0,200,0.4,100,
316,44,0.6099644000000009,74.70881086103492,9058.0,200,0.4,100,
317,45,0.6226251000000005,74.70881086103492,9259.0,200,0.4,100,
318,46,0.6366738999999999,74.70881086103492,9460.0,200,0.4,100,
319,47,0.6492560000000012,74.70881086103492,9661.0,200,0.4,100,
320,48,0.6620923000000012,74.70881086103492,9862.0,200,0.4,100,
321,49,0.6757629999999999,74.70881086103492,10063.0,200,0.4,100,
322,50,0.6894496000000014,74.70881086103492,10264.0,200,0.4,100,
323,51,0.7087710000000005,74.70881086103492,10465.0,200,0.4,100,
324,52,0.7223047999999999,74.70881086103492,10666.0,200,0.4,100,
325,53,0.7377736000000006,74.70881086103492,10867.0,200,0.4,100,
326,54,0.7523904000000012,73.29820950559315,11069.0,200,0.4,100,
327,55,0.7657794000000013,73.29820950559315,11270.0,200,0.4,100,
328,56,0.7785761000000004,73.29820950559315,11471.0,200,0.4,100,
329,57,0.7911810000000017,73.29820950559315,11672.0,200,0.4,100,
330,58,0.8038240999999999,73.29820950559315,11873.0,200,0.4,100,
331,59,0.8171737999999991,73.29820950559315,12074.0,200,0.4,100,
332,60,0.003836500000002019,73.29820950559315,12275.0,200,0.4,100,
333,61,0.024110600000000204,73.29820950559315,12476.0,200,0.4,100,
334,62,0.03722580000000164,73.29820950559315,12677.0,200,0.4,100,
335,63,0.05141079999999931,73.29820950559315,12878.0,200,0.4,100,
336,64,0.06609150000000241,73.29820950559315,13079.0,200,0.4,100,
337,0,0.0036193999999998283,182.4047677062297,200.0,200,0.6,100,
338,1,0.02139179999999996,145.20784107394675,402.0,200,0.6,100,
339,2,0.03462440000000022,144.4041367243271,604.0,200,0.6,100,
340,3,0.04796289999999992,127.91991595112364,806.0,200,0.6,100,
341,4,0.06269090000000155,127.91991595112364,1007.0,200,0.6,100,
342,5,0.07630990000000004,125.2224492913519,1209.0,200,0.6,100,
343,6,0.09013090000000012,125.2224492913519,1410.0,200,0.6,100,
344,7,0.1046168999999999,125.2224492913519,1611.0,200,0.6,100,
345,8,0.11775370000000152,121.66146438484144,1813.0,200,0.6,100,
346,9,0.13045600000000057,118.97001410215128,2015.0,200,0.6,100,
347,10,0.14286810000000116,115.16159907393862,2217.0,200,0.6,100,
348,11,0.16206500000000013,115.16159907393862,2418.0,200,0.6,100,
349,12,0.17575930000000106,108.45144728396745,2620.0,200,0.6,100,
350,13,0.18829780000000085,108.45144728396745,2821.0,200,0.6,100,
351,14,0.20129640000000038,108.45144728396745,3022.0,200,0.6,100,
352,15,0.216288500000001,108.45144728396745,3223.0,200,0.6,100,
353,16,0.22902850000000008,108.45144728396745,3424.0,200,0.6,100,
354,17,0.2415571000000014,108.45144728396745,3625.0,200,0.6,100,
355,18,0.2545459000000001,103.12279996870095,3827.0,200,0.6,100,
356,19,0.26814610000000094,103.12279996870095,4028.0,200,0.6,100,
357,20,0.28066990000000125,98.71376627256542,4230.0,200,0.6,100,
358,21,0.3002229000000014,98.71376627256542,4431.0,200,0.6,100,
359,22,0.31292030000000004,98.71376627256542,4632.0,200,0.6,100,
360,23,0.32549830000000135,98.04448519014227,4834.0,200,0.6,100,
361,24,0.33812130000000096,98.04448519014227,5035.0,200,0.6,100,
362,25,0.3514040999999999,92.046276853679,5237.0,200,0.6,100,
363,26,0.36672680000000035,92.046276853679,5438.0,200,0.6,100,
364,27,0.37972670000000086,92.046276853679,5639.0,200,0.6,100,
365,28,0.3935088000000011,92.046276853679,5840.0,200,0.6,100,
366,29,0.40653960000000033,92.046276853679,6041.0,200,0.6,100,
367,30,0.42190120000000064,92.046276853679,6242.0,200,0.6,100,
368,31,0.4350215000000013,92.046276853679,6443.0,200,0.6,100,
369,32,0.4477808000000003,92.046276853679,6644.0,200,0.6,100,
370,33,0.46062090000000033,92.046276853679,6845.0,200,0.6,100,
371,34,0.47585740000000065,92.046276853679,7046.0,200,0.6,100,
372,35,0.48837940000000124,92.046276853679,7247.0,200,0.6,100,
373,0,0.0036193999999998283,182.4047677062297,200.0,200,0.8,100,
374,1,0.02139179999999996,142.30044626973097,402.0,200,0.8,100,
375,2,0.03462440000000022,132.28065917310917,604.0,200,0.8,100,
376,3,0.04796289999999992,125.940082507441,806.0,200,0.8,100,
377,4,0.06269090000000155,125.940082507441,1007.0,200,0.8,100,
378,5,0.07630990000000004,121.81311380786636,1209.0,200,0.8,100,
379,6,0.09013090000000012,121.81311380786636,1410.0,200,0.8,100,
380,7,0.1046168999999999,119.59791782016732,1612.0,200,0.8,100,
381,8,0.11775370000000152,118.45382773446718,1814.0,200,0.8,100,
382,9,0.13045600000000057,118.45382773446718,2015.0,200,0.8,100,
383,10,0.14286810000000116,107.05554300832418,2217.0,200,0.8,100,
384,11,0.16206500000000013,107.05554300832418,2418.0,200,0.8,100,
385,12,0.17575930000000106,107.05554300832418,2619.0,200,0.8,100,
386,13,0.18829780000000085,107.05554300832418,2820.0,200,0.8,100,
387,14,0.20129640000000038,107.05554300832418,3021.0,200,0.8,100,
388,15,0.216288500000001,107.05554300832418,3222.0,200,0.8,100,
389,16,0.22902850000000008,107.05554300832418,3423.0,200,0.8,100,
390,17,0.2415571000000014,107.05554300832418,3624.0,200,0.8,100,
391,18,0.2545459000000001,107.05554300832418,3825.0,200,0.8,100,
392,19,0.26814610000000094,107.05554300832418,4026.0,200,0.8,100,
393,20,0.28066990000000125,107.05554300832418,4227.0,200,0.8,100,
394,0,0.0036193999999998283,182.4047677062297,300.0,300,0.2,100,
395,1,0.02139179999999996,130.86821507293337,602.0,300,0.2,100,
396,2,0.03462440000000022,130.86821507293337,903.0,300,0.2,100,
397,3,0.04796289999999992,124.00084813246536,1205.0,300,0.2,100,
398,4,0.06269090000000155,116.0120396744931,1507.0,300,0.2,100,
399,5,0.07630990000000004,104.40890558482745,1809.0,300,0.2,100,
400,6,0.09013090000000012,104.40890558482745,2110.0,300,0.2,100,
401,7,0.1046168999999999,104.40890558482745,2411.0,300,0.2,100,
402,8,0.11775370000000152,97.50277653917162,2713.0,300,0.2,100,
403,9,0.13045600000000057,97.50277653917162,3014.0,300,0.2,100,
404,10,0.14286810000000116,97.50277653917162,3315.0,300,0.2,100,
405,11,0.16206500000000013,97.2553880381378,3617.0,300,0.2,100,
406,12,0.17575930000000106,97.2553880381378,3918.0,300,0.2,100,
407,13,0.18829780000000085,97.2553880381378,4219.0,300,0.2,100,
408,14,0.20129640000000038,97.2553880381378,4520.0,300,0.2,100,
409,15,0.216288500000001,97.2553880381378,4821.0,300,0.2,100,
410,16,0.22902850000000008,89.32652542685994,5123.0,300,0.2,100,
411,17,0.2415571000000014,89.32652542685994,5424.0,300,0.2,100,
412,18,0.2545459000000001,89.32652542685994,5725.0,300,0.2,100,
413,19,0.26814610000000094,88.42993049029958,6027.0,300,0.2,100,
414,20,0.28066990000000125,88.42993049029958,6328.0,300,0.2,100,
415,21,0.3002229000000014,82.08148910971512,6630.0,300,0.2,100,
416,22,0.31292030000000004,82.08148910971512,6931.0,300,0.2,100,
417,23,0.32549830000000135,82.08148910971512,7232.0,300,0.2,100,
418,24,0.33812130000000096,82.08148910971512,7533.0,300,0.2,100,
419,25,0.3514040999999999,82.08148910971512,7834.0,300,0.2,100,
420,26,0.36672680000000035,82.08148910971512,8135.0,300,0.2,100,
421,27,0.37972670000000086,82.08148910971512,8436.0,300,0.2,100,
422,28,0.3935088000000011,82.08148910971512,8737.0,300,0.2,100,
423,29,0.40653960000000033,78.86502204638565,9039.0,300,0.2,100,
424,30,0.42190120000000064,78.86502204638565,9340.0,300,0.2,100,
425,31,0.4350215000000013,78.86502204638565,9641.0,300,0.2,100,
426,32,0.4477808000000003,77.43481977677357,9943.0,300,0.2,100,
427,33,0.46062090000000033,77.43481977677357,10244.0,300,0.2,100,
428,34,0.47585740000000065,77.43481977677357,10545.0,300,0.2,100,
429,35,0.48837940000000124,77.43481977677357,10846.0,300,0.2,100,
430,36,0.5027792000000009,77.43481977677357,11147.0,300,0.2,100,
431,37,0.5165350000000011,77.43481977677357,11448.0,300,0.2,100,
432,38,0.5299450000000014,77.43481977677357,11749.0,300,0.2,100,
433,39,0.5425315000000008,77.43481977677357,12050.0,300,0.2,100,
434,40,0.5552561000000011,77.43481977677357,12351.0,300,0.2,100,
435,41,0.5680130999999999,77.43481977677357,12652.0,300,0.2,100,
436,42,0.5808483000000013,77.43481977677357,12953.0,300,0.2,100,
437,0,0.0036193999999998283,182.4047677062297,300.0,300,0.4,100,
438,1,0.02139179999999996,130.86821507293337,602.0,300,0.4,100,
439,2,0.03462440000000022,130.86821507293337,903.0,300,0.4,100,
440,3,0.04796289999999992,124.13015426615533,1205.0,300,0.4,100,
441,4,0.06269090000000155,124.13015426615533,1506.0,300,0.4,100,
442,5,0.07630990000000004,124.13015426615533,1807.0,300,0.4,100,
443,6,0.09013090000000012,115.38043966169514,2109.0,300,0.4,100,
444,7,0.1046168999999999,114.96103571612305,2411.0,300,0.4,100,
445,8,0.11775370000000152,109.80614048499044,2713.0,300,0.4,100,
446,9,0.13045600000000057,108.31953790202117,3015.0,300,0.4,100,
447,10,0.14286810000000116,101.67408376070851,3317.0,300,0.4,100,
448,11,0.16206500000000013,101.67408376070851,3618.0,300,0.4,100,
449,12,0.17575930000000106,101.67408376070851,3919.0,300,0.4,100,
450,13,0.18829780000000085,101.67408376070851,4220.0,300,0.4,100,
451,14,0.20129640000000038,100.6308127862932,4522.0,300,0.4,100,
452,15,0.216288500000001,100.6308127862932,4823.0,300,0.4,100,
453,16,0.22902850000000008,100.26274731080812,5125.0,300,0.4,100,
454,17,0.2415571000000014,100.26274731080812,5426.0,300,0.4,100,
455,18,0.2545459000000001,98.59346508949187,5728.0,300,0.4,100,
456,19,0.26814610000000094,94.89177781491115,6030.0,300,0.4,100,
457,20,0.28066990000000125,91.56331669572793,6332.0,300,0.4,100,
458,21,0.3002229000000014,91.56331669572793,6633.0,300,0.4,100,
459,22,0.31292030000000004,91.56331669572793,6934.0,300,0.4,100,
460,23,0.32549830000000135,91.27143218020967,7236.0,300,0.4,100,
461,24,0.33812130000000096,91.27143218020967,7537.0,300,0.4,100,
462,25,0.3514040999999999,89.0665604475841,7839.0,300,0.4,100,
463,26,0.36672680000000035,84.95827418063367,8141.0,300,0.4,100,
464,27,0.37972670000000086,84.95827418063367,8442.0,300,0.4,100,
465,28,0.3935088000000011,84.25968360800337,8744.0,300,0.4,100,
466,29,0.40653960000000033,84.25968360800337,9045.0,300,0.4,100,
467,30,0.42190120000000064,84.25968360800337,9346.0,300,0.4,100,
468,31,0.4350215000000013,84.25968360800337,9647.0,300,0.4,100,
469,32,0.4477808000000003,84.25968360800337,9948.0,300,0.4,100,
470,33,0.46062090000000033,84.25968360800337,10249.0,300,0.4,100,
471,34,0.47585740000000065,82.98382968936858,10551.0,300,0.4,100,
472,35,0.48837940000000124,81.91369083541959,10853.0,300,0.4,100,
473,36,0.5027792000000009,80.25451594964906,11155.0,300,0.4,100,
474,37,0.5165350000000011,80.25451594964906,11456.0,300,0.4,100,
475,38,0.5299450000000014,80.25451594964906,11757.0,300,0.4,100,
476,39,0.5425315000000008,76.63046679193347,12059.0,300,0.4,100,
477,40,0.5552561000000011,76.63046679193347,12360.0,300,0.4,100,
478,41,0.5680130999999999,76.63046679193347,12661.0,300,0.4,100,
479,42,0.5808483000000013,76.63046679193347,12962.0,300,0.4,100,
480,43,0.5946132000000013,76.63046679193347,13263.0,300,0.4,100,
481,44,0.6099644000000009,76.63046679193347,13564.0,300,0.4,100,
482,45,0.6226251000000005,76.07643833126251,13866.0,300,0.4,100,
483,46,0.6366738999999999,76.07643833126251,14167.0,300,0.4,100,
484,47,0.6492560000000012,76.06178138952545,14469.0,300,0.4,100,
485,48,0.6620923000000012,75.98735254827582,14771.0,300,0.4,100,
486,49,0.6757629999999999,75.98735254827582,15072.0,300,0.4,100,
487,50,0.6894496000000014,75.84322149502624,15374.0,300,0.4,100,
488,51,0.7087710000000005,74.15478240036396,15676.0,300,0.4,100,
489,52,0.7223047999999999,74.15478240036396,15977.0,300,0.4,100,
490,53,0.7377736000000006,73.91356223094442,16279.0,300,0.4,100,
491,54,0.7523904000000012,73.91356223094442,16580.0,300,0.4,100,
492,55,0.7657794000000013,73.91356223094442,16881.0,300,0.4,100,
493,56,0.7785761000000004,73.91356223094442,17182.0,300,0.4,100,
494,57,0.7911810000000017,73.91356223094442,17483.0,300,0.4,100,
495,58,0.8038240999999999,73.29820950559314,17785.0,300,0.4,100,
496,59,0.8171737999999991,73.29820950559314,18086.0,300,0.4,100,
497,60,0.003836500000002019,73.29820950559314,18387.0,300,0.4,100,
498,61,0.024110600000000204,73.29820950559314,18688.0,300,0.4,100,
499,62,0.03722580000000164,73.29820950559314,18989.0,300,0.4,100,
500,63,0.05141079999999931,73.29820950559314,19290.0,300,0.4,100,
501,64,0.06609150000000241,73.29820950559314,19591.0,300,0.4,100,
502,65,0.07899490000000142,73.29820950559314,19892.0,300,0.4,100,
503,66,0.09352100000000263,73.29820950559314,20193.0,300,0.4,100,
504,67,0.10754900000000234,73.29820950559314,20494.0,300,0.4,100,
505,68,0.12043560000000042,73.29820950559314,20795.0,300,0.4,100,
506,0,0.0036193999999998283,182.4047677062297,300.0,300,0.6,100,
507,1,0.02139179999999996,145.20784107394675,602.0,300,0.6,100,
508,2,0.03462440000000022,138.80048570532617,904.0,300,0.6,100,
509,3,0.04796289999999992,136.45164458609483,1206.0,300,0.6,100,
510,4,0.06269090000000155,117.76105488315929,1508.0,300,0.6,100,
511,5,0.07630990000000004,117.76105488315929,1809.0,300,0.6,100,
512,6,0.09013090000000012,117.76105488315929,2110.0,300,0.6,100,
513,7,0.1046168999999999,117.76105488315929,2411.0,300,0.6,100,
514,8,0.11775370000000152,117.42690620075876,2713.0,300,0.6,100,
515,9,0.13045600000000057,114.91673137149219,3015.0,300,0.6,100,
516,10,0.14286810000000116,111.46409763972926,3317.0,300,0.6,100,
517,11,0.16206500000000013,108.78221192940411,3619.0,300,0.6,100,
518,12,0.17575930000000106,108.78221192940411,3920.0,300,0.6,100,
519,13,0.18829780000000085,108.78221192940411,4221.0,300,0.6,100,
520,14,0.20129640000000038,107.14213450240257,4523.0,300,0.6,100,
521,15,0.216288500000001,107.14213450240257,4824.0,300,0.6,100,
522,16,0.22902850000000008,100.33088174960756,5126.0,300,0.6,100,
523,17,0.2415571000000014,100.33088174960756,5427.0,300,0.6,100,
524,18,0.2545459000000001,100.33088174960756,5728.0,300,0.6,100,
525,19,0.26814610000000094,100.33088174960756,6029.0,300,0.6,100,
526,20,0.28066990000000125,100.33088174960756,6330.0,300,0.6,100,
527,21,0.3002229000000014,93.81560108780803,6632.0,300,0.6,100,
528,22,0.31292030000000004,93.81560108780803,6933.0,300,0.6,100,
529,23,0.32549830000000135,93.81560108780803,7234.0,300,0.6,100,
530,24,0.33812130000000096,93.81560108780803,7535.0,300,0.6,100,
531,25,0.3514040999999999,92.50224406908154,7837.0,300,0.6,100,
532,26,0.36672680000000035,92.50224406908154,8138.0,300,0.6,100,
533,27,0.37972670000000086,92.50224406908154,8439.0,300,0.6,100,
534,28,0.3935088000000011,92.50224406908154,8740.0,300,0.6,100,
535,29,0.40653960000000033,92.50224406908154,9041.0,300,0.6,100,
536,30,0.42190120000000064,92.50224406908154,9342.0,300,0.6,100,
537,31,0.4350215000000013,90.99061926803203,9644.0,300,0.6,100,
538,32,0.4477808000000003,90.99061926803203,9945.0,300,0.6,100,
539,33,0.46062090000000033,90.29072608393571,10247.0,300,0.6,100,
540,34,0.47585740000000065,90.29072608393571,10548.0,300,0.6,100,
541,35,0.48837940000000124,89.53668584920325,10850.0,300,0.6,100,
542,36,0.5027792000000009,87.7794040899667,11152.0,300,0.6,100,
543,37,0.5165350000000011,86.62033053253138,11454.0,300,0.6,100,
544,38,0.5299450000000014,86.62033053253138,11755.0,300,0.6,100,
545,39,0.5425315000000008,86.62033053253138,12056.0,300,0.6,100,
546,40,0.5552561000000011,86.62033053253138,12357.0,300,0.6,100,
547,41,0.5680130999999999,86.62033053253138,12658.0,300,0.6,100,
548,42,0.5808483000000013,86.62033053253138,12959.0,300,0.6,100,
549,43,0.5946132000000013,86.62033053253138,13260.0,300,0.6,100,
550,44,0.6099644000000009,85.69553366162292,13562.0,300,0.6,100,
551,45,0.6226251000000005,85.61976068121145,13864.0,300,0.6,100,
552,46,0.6366738999999999,85.61976068121145,14165.0,300,0.6,100,
553,47,0.6492560000000012,85.61976068121145,14466.0,300,0.6,100,
554,48,0.6620923000000012,85.61976068121145,14767.0,300,0.6,100,
555,49,0.6757629999999999,85.61976068121145,15068.0,300,0.6,100,
556,50,0.6894496000000014,85.61976068121145,15369.0,300,0.6,100,
557,51,0.7087710000000005,85.61976068121145,15670.0,300,0.6,100,
558,52,0.7223047999999999,84.96723474520779,15972.0,300,0.6,100,
559,53,0.7377736000000006,83.09666344199572,16274.0,300,0.6,100,
560,54,0.7523904000000012,83.09666344199572,16575.0,300,0.6,100,
561,55,0.7657794000000013,83.09666344199572,16876.0,300,0.6,100,
562,56,0.7785761000000004,83.09666344199572,17177.0,300,0.6,100,
563,57,0.7911810000000017,83.09666344199572,17478.0,300,0.6,100,
564,58,0.8038240999999999,82.61919992960598,17780.0,300,0.6,100,
565,59,0.8171737999999991,82.61919992960598,18081.0,300,0.6,100,
566,60,0.003836500000002019,81.57177314786117,18383.0,300,0.6,100,
567,61,0.024110600000000204,81.57177314786117,18684.0,300,0.6,100,
568,62,0.03722580000000164,81.57177314786117,18985.0,300,0.6,100,
569,63,0.05141079999999931,81.57177314786117,19286.0,300,0.6,100,
570,64,0.06609150000000241,81.57177314786117,19587.0,300,0.6,100,
571,65,0.07899490000000142,81.57177314786117,19888.0,300,0.6,100,
572,66,0.09352100000000263,81.57177314786117,20189.0,300,0.6,100,
573,67,0.10754900000000234,81.57177314786117,20490.0,300,0.6,100,
574,68,0.12043560000000042,81.57177314786117,20791.0,300,0.6,100,
575,69,0.13306320000000227,81.57177314786117,21092.0,300,0.6,100,
576,70,0.14974929999999986,80.49251847210547,21394.0,300,0.6,100,
577,71,0.17023430000000062,80.49251847210547,21695.0,300,0.6,100,
578,72,0.18299060000000011,80.49251847210547,21996.0,300,0.6,100,
579,73,0.19729320000000072,80.49251847210547,22297.0,300,0.6,100,
580,74,0.21300820000000087,80.49251847210547,22598.0,300,0.6,100,
581,75,0.22704590000000024,80.49251847210547,22899.0,300,0.6,100,
582,76,0.2411709000000002,80.49251847210547,23200.0,300,0.6,100,
583,77,0.2546360000000014,80.49251847210547,23501.0,300,0.6,100,
584,78,0.2678848000000009,80.47723316187748,23803.0,300,0.6,100,
585,79,0.28146600000000177,80.47723316187748,24104.0,300,0.6,100,
586,80,0.294504400000001,80.47723316187748,24405.0,300,0.6,100,
587,81,0.3189086000000003,80.47723316187748,24706.0,300,0.6,100,
588,82,0.3331551000000026,80.47723316187748,25007.0,300,0.6,100,
589,83,0.34678639999999916,80.47723316187748,25308.0,300,0.6,100,
590,84,0.36113570000000195,79.53341033172583,25610.0,300,0.6,100,
591,85,0.004201299999998298,79.53341033172583,25911.0,300,0.6,100,
592,86,0.0230567999999991,79.39797848612179,26213.0,300,0.6,100,
593,87,0.036821999999997246,79.39797848612179,26514.0,300,0.6,100,
594,88,0.049421099999999996,79.39797848612179,26815.0,300,0.6,100,
595,89,0.06245479999999759,79.39797848612179,27116.0,300,0.6,100,
596,90,0.07840530000000001,79.39797848612179,27417.0,300,0.6,100,
597,91,0.090989399999998,79.39797848612179,27718.0,300,0.6,100,
598,92,0.10388969999999986,79.39797848612179,28019.0,300,0.6,100,
599,93,0.11713759999999951,79.39797848612179,28320.0,300,0.6,100,
600,94,0.1295940999999985,78.91402252378938,28622.0,300,0.6,100,
601,95,0.14445819999999898,78.91402252378938,28923.0,300,0.6,100,
602,96,0.16494579999999814,78.91402252378938,29224.0,300,0.6,100,
603,97,0.17927959999999743,78.91402252378938,29525.0,300,0.6,100,
604,98,0.19304529999999787,78.91402252378938,29826.0,300,0.6,100,
605,99,0.20967319999999745,78.91402252378938,30127.0,300,0.6,100,
606,100,0.2234930999999989,78.91402252378938,30428.0,300,0.6,100,
607,0,0.0036193999999998283,182.4047677062297,300.0,300,0.8,100,
608,1,0.02139179999999996,143.84922216026965,602.0,300,0.8,100,
609,2,0.03462440000000022,120.51638115056248,904.0,300,0.8,100,
610,3,0.04796289999999992,120.51638115056248,1205.0,300,0.8,100,
611,4,0.06269090000000155,120.51638115056248,1506.0,300,0.8,100,
612,5,0.07630990000000004,120.51638115056248,1807.0,300,0.8,100,
613,6,0.09013090000000012,120.51638115056248,2108.0,300,0.8,100,
614,7,0.1046168999999999,120.51638115056248,2409.0,300,0.8,100,
615,8,0.11775370000000152,119.62134717393087,2711.0,300,0.8,100,
616,9,0.13045600000000057,115.66957567466747,3013.0,300,0.8,100,
617,10,0.14286810000000116,114.63181235770747,3315.0,300,0.8,100,
618,11,0.16206500000000013,114.63181235770747,3616.0,300,0.8,100,
619,12,0.17575930000000106,114.63181235770747,3917.0,300,0.8,100,
620,13,0.18829780000000085,111.88384186314988,4219.0,300,0.8,100,
621,14,0.20129640000000038,111.88384186314988,4520.0,300,0.8,100,
622,15,0.216288500000001,111.88384186314988,4821.0,300,0.8,100,
623,16,0.22902850000000008,106.80753197754207,5123.0,300,0.8,100,
624,17,0.2415571000000014,104.66480299625536,5425.0,300,0.8,100,
625,18,0.2545459000000001,104.1274838082646,5727.0,300,0.8,100,
626,19,0.26814610000000094,104.1274838082646,6028.0,300,0.8,100,
627,20,0.28066990000000125,104.1274838082646,6329.0,300,0.8,100,
628,21,0.3002229000000014,99.7920364183007,6631.0,300,0.8,100,
629,22,0.31292030000000004,99.7920364183007,6932.0,300,0.8,100,
630,23,0.32549830000000135,99.18614793157491,7234.0,300,0.8,100,
631,24,0.33812130000000096,99.18614793157491,7535.0,300,0.8,100,
632,25,0.3514040999999999,99.18614793157491,7836.0,300,0.8,100,
633,26,0.36672680000000035,97.09635947256193,8138.0,300,0.8,100,
634,27,0.37972670000000086,93.41123891556246,8440.0,300,0.8,100,
635,28,0.3935088000000011,93.41123891556246,8741.0,300,0.8,100,
636,29,0.40653960000000033,93.41123891556246,9042.0,300,0.8,100,
637,30,0.42190120000000064,93.41123891556246,9343.0,300,0.8,100,
638,31,0.4350215000000013,87.36673417956099,9645.0,300,0.8,100,
639,32,0.4477808000000003,87.36673417956099,9946.0,300,0.8,100,
640,33,0.46062090000000033,87.36673417956099,10247.0,300,0.8,100,
641,34,0.47585740000000065,87.36673417956099,10548.0,300,0.8,100,
642,35,0.48837940000000124,87.36673417956099,10849.0,300,0.8,100,
643,36,0.5027792000000009,87.36673417956099,11150.0,300,0.8,100,
644,37,0.5165350000000011,87.36673417956099,11451.0,300,0.8,100,
645,38,0.5299450000000014,87.36673417956099,11752.0,300,0.8,100,
646,39,0.5425315000000008,87.36673417956099,12053.0,300,0.8,100,
647,40,0.5552561000000011,87.36673417956099,12354.0,300,0.8,100,
648,41,0.5680130999999999,87.36673417956099,12655.0,300,0.8,100,
649,0,0.0036193999999998283,182.4047677062297,400.0,400,0.2,100,
650,1,0.02139179999999996,139.66238682454966,802.0,400,0.2,100,
651,2,0.03462440000000022,137.2676742619067,1204.0,400,0.2,100,
652,3,0.04796289999999992,124.16948761359362,1606.0,400,0.2,100,
653,4,0.06269090000000155,119.1480902420251,2008.0,400,0.2,100,
654,5,0.07630990000000004,118.228283258782,2410.0,400,0.2,100,
655,6,0.09013090000000012,116.65865830049711,2812.0,400,0.2,100,
656,7,0.1046168999999999,116.65865830049711,3213.0,400,0.2,100,
657,8,0.11775370000000152,112.48968507454089,3615.0,400,0.2,100,
658,9,0.13045600000000057,109.53274207418484,4017.0,400,0.2,100,
659,10,0.14286810000000116,109.53274207418484,4418.0,400,0.2,100,
660,11,0.16206500000000013,107.15023116842951,4820.0,400,0.2,100,
661,12,0.17575930000000106,107.15023116842951,5221.0,400,0.2,100,
662,13,0.18829780000000085,101.13538223052761,5623.0,400,0.2,100,
663,14,0.20129640000000038,101.13538223052761,6024.0,400,0.2,100,
664,15,0.216288500000001,101.13538223052761,6425.0,400,0.2,100,
665,16,0.22902850000000008,97.78311859337143,6827.0,400,0.2,100,
666,17,0.2415571000000014,97.78311859337143,7228.0,400,0.2,100,
667,18,0.2545459000000001,97.78311859337143,7629.0,400,0.2,100,
668,19,0.26814610000000094,97.41810712035829,8031.0,400,0.2,100,
669,20,0.28066990000000125,97.41810712035829,8432.0,400,0.2,100,
670,21,0.3002229000000014,93.66477843095029,8834.0,400,0.2,100,
671,22,0.31292030000000004,93.66477843095029,9235.0,400,0.2,100,
672,23,0.32549830000000135,93.66477843095029,9636.0,400,0.2,100,
673,24,0.33812130000000096,93.66477843095029,10037.0,400,0.2,100,
674,25,0.3514040999999999,91.85335037393796,10439.0,400,0.2,100,
675,26,0.36672680000000035,88.3626821390364,10841.0,400,0.2,100,
676,27,0.37972670000000086,88.3626821390364,11242.0,400,0.2,100,
677,28,0.3935088000000011,88.3626821390364,11643.0,400,0.2,100,
678,29,0.40653960000000033,88.3626821390364,12044.0,400,0.2,100,
679,30,0.42190120000000064,88.3626821390364,12445.0,400,0.2,100,
680,31,0.4350215000000013,86.64080185261132,12847.0,400,0.2,100,
681,32,0.4477808000000003,86.64080185261132,13248.0,400,0.2,100,
682,33,0.46062090000000033,86.64080185261132,13649.0,400,0.2,100,
683,34,0.47585740000000065,86.64080185261132,14050.0,400,0.2,100,
684,35,0.48837940000000124,86.64080185261132,14451.0,400,0.2,100,
685,36,0.5027792000000009,86.64080185261132,14852.0,400,0.2,100,
686,37,0.5165350000000011,86.64080185261132,15253.0,400,0.2,100,
687,38,0.5299450000000014,84.32870872287336,15655.0,400,0.2,100,
688,39,0.5425315000000008,84.32870872287336,16056.0,400,0.2,100,
689,40,0.5552561000000011,84.32870872287336,16457.0,400,0.2,100,
690,41,0.5680130999999999,84.32870872287336,16858.0,400,0.2,100,
691,42,0.5808483000000013,84.32870872287336,17259.0,400,0.2,100,
692,43,0.5946132000000013,83.8303965555163,17661.0,400,0.2,100,
693,44,0.6099644000000009,83.8303965555163,18062.0,400,0.2,100,
694,45,0.6226251000000005,83.71888964497606,18464.0,400,0.2,100,
695,46,0.6366738999999999,82.21401640922652,18866.0,400,0.2,100,
696,47,0.6492560000000012,81.24675368997647,19268.0,400,0.2,100,
697,48,0.6620923000000012,81.24675368997647,19669.0,400,0.2,100,
698,49,0.6757629999999999,80.45259314412851,20071.0,400,0.2,100,
699,50,0.6894496000000014,80.45259314412851,20472.0,400,0.2,100,
700,51,0.7087710000000005,79.86267865251529,20874.0,400,0.2,100,
701,52,0.7223047999999999,79.6303735436867,21276.0,400,0.2,100,
702,53,0.7377736000000006,79.6303735436867,21677.0,400,0.2,100,
703,54,0.7523904000000012,79.6303735436867,22078.0,400,0.2,100,
704,55,0.7657794000000013,79.6303735436867,22479.0,400,0.2,100,
705,56,0.7785761000000004,79.6303735436867,22880.0,400,0.2,100,
706,57,0.7911810000000017,78.2462985062255,23282.0,400,0.2,100,
707,58,0.8038240999999999,78.2462985062255,23683.0,400,0.2,100,
708,59,0.8171737999999991,78.2462985062255,24084.0,400,0.2,100,
709,60,0.003836500000002019,78.2462985062255,24485.0,400,0.2,100,
710,61,0.024110600000000204,78.2462985062255,24886.0,400,0.2,100,
711,62,0.03722580000000164,78.2462985062255,25287.0,400,0.2,100,
712,63,0.05141079999999931,78.2462985062255,25688.0,400,0.2,100,
713,64,0.06609150000000241,78.2462985062255,26089.0,400,0.2,100,
714,65,0.07899490000000142,78.2462985062255,26490.0,400,0.2,100,
715,66,0.09352100000000263,78.2462985062255,26891.0,400,0.2,100,
716,67,0.10754900000000234,78.2462985062255,27292.0,400,0.2,100,
717,0,0.0036193999999998283,182.4047677062297,400.0,400,0.4,100,
718,1,0.02139179999999996,142.54259179228586,802.0,400,0.4,100,
719,2,0.03462440000000022,139.2891212635777,1204.0,400,0.4,100,
720,3,0.04796289999999992,125.69671354066762,1606.0,400,0.4,100,
721,4,0.06269090000000155,125.69671354066762,2007.0,400,0.4,100,
722,5,0.07630990000000004,125.69671354066762,2408.0,400,0.4,100,
723,6,0.09013090000000012,122.76541464237722,2810.0,400,0.4,100,
724,7,0.1046168999999999,118.77444817889163,3212.0,400,0.4,100,
725,8,0.11775370000000152,118.77444817889163,3613.0,400,0.4,100,
726,9,0.13045600000000057,109.81029461787944,4015.0,400,0.4,100,
727,10,0.14286810000000116,109.81029461787944,4416.0,400,0.4,100,
728,11,0.16206500000000013,107.94538666594799,4818.0,400,0.4,100,
729,12,0.17575930000000106,104.08497107508967,5220.0,400,0.4,100,
730,13,0.18829780000000085,104.08497107508967,5621.0,400,0.4,100,
731,14,0.20129640000000038,98.60742822732146,6023.0,400,0.4,100,
732,15,0.216288500000001,98.02106813756542,6425.0,400,0.4,100,
733,16,0.22902850000000008,98.02106813756542,6826.0,400,0.4,100,
734,17,0.2415571000000014,98.02106813756542,7227.0,400,0.4,100,
735,18,0.2545459000000001,96.46634591909573,7629.0,400,0.4,100,
736,19,0.26814610000000094,95.8899403774206,8031.0,400,0.4,100,
737,20,0.28066990000000125,95.8899403774206,8432.0,400,0.4,100,
738,21,0.3002229000000014,93.45779190765465,8834.0,400,0.4,100,
739,22,0.31292030000000004,93.45779190765465,9235.0,400,0.4,100,
740,23,0.32549830000000135,90.89289046843246,9637.0,400,0.4,100,
741,24,0.33812130000000096,90.89289046843246,10038.0,400,0.4,100,
742,25,0.3514040999999999,90.64815418002254,10440.0,400,0.4,100,
743,26,0.36672680000000035,89.14676961776722,10842.0,400,0.4,100,
744,27,0.37972670000000086,89.14676961776722,11243.0,400,0.4,100,
745,28,0.3935088000000011,88.04778403220185,11645.0,400,0.4,100,
746,29,0.40653960000000033,88.04778403220185,12046.0,400,0.4,100,
747,30,0.42190120000000064,87.96365196651554,12448.0,400,0.4,100,
748,31,0.4350215000000013,87.96365196651554,12849.0,400,0.4,100,
749,32,0.4477808000000003,86.63718267676008,13251.0,400,0.4,100,
750,33,0.46062090000000033,86.63718267676008,13652.0,400,0.4,100,
751,34,0.47585740000000065,84.35293002115193,14054.0,400,0.4,100,
752,35,0.48837940000000124,84.35293002115193,14455.0,400,0.4,100,
753,36,0.5027792000000009,81.8548028621353,14857.0,400,0.4,100,
754,37,0.5165350000000011,80.79409816143225,15259.0,400,0.4,100,
755,38,0.5299450000000014,80.79409816143225,15660.0,400,0.4,100,
756,39,0.5425315000000008,80.79409816143225,16061.0,400,0.4,100,
757,40,0.5552561000000011,80.79409816143225,16462.0,400,0.4,100,
758,41,0.5680130999999999,80.79409816143225,16863.0,400,0.4,100,
759,42,0.5808483000000013,80.79409816143225,17264.0,400,0.4,100,
760,43,0.5946132000000013,80.79409816143225,17665.0,400,0.4,100,
761,44,0.6099644000000009,80.79409816143225,18066.0,400,0.4,100,
762,45,0.6226251000000005,80.79409816143225,18467.0,400,0.4,100,
763,46,0.6366738999999999,80.2919453383365,18869.0,400,0.4,100,
764,47,0.6492560000000012,80.2919453383365,19270.0,400,0.4,100,
765,48,0.6620923000000012,78.3229799715724,19672.0,400,0.4,100,
766,49,0.6757629999999999,78.3229799715724,20073.0,400,0.4,100,
767,50,0.6894496000000014,74.94191833584654,20475.0,400,0.4,100,
768,51,0.7087710000000005,74.94191833584654,20876.0,400,0.4,100,
769,52,0.7223047999999999,74.94191833584654,21277.0,400,0.4,100,
770,53,0.7377736000000006,74.94191833584654,21678.0,400,0.4,100,
771,54,0.7523904000000012,74.94191833584654,22079.0,400,0.4,100,
772,55,0.7657794000000013,74.94191833584654,22480.0,400,0.4,100,
773,56,0.7785761000000004,74.94191833584654,22881.0,400,0.4,100,
774,57,0.7911810000000017,74.28770609328973,23283.0,400,0.4,100,
775,58,0.8038240999999999,74.28770609328973,23684.0,400,0.4,100,
776,59,0.8171737999999991,74.28770609328973,24085.0,400,0.4,100,
777,60,0.003836500000002019,74.28770609328973,24486.0,400,0.4,100,
778,61,0.024110600000000204,73.29820950559315,24888.0,400,0.4,100,
779,62,0.03722580000000164,73.29820950559315,25289.0,400,0.4,100,
780,63,0.05141079999999931,73.29820950559315,25690.0,400,0.4,100,
781,64,0.06609150000000241,73.29820950559315,26091.0,400,0.4,100,
782,65,0.07899490000000142,73.29820950559315,26492.0,400,0.4,100,
783,66,0.09352100000000263,73.29820950559315,26893.0,400,0.4,100,
784,67,0.10754900000000234,73.29820950559315,27294.0,400,0.4,100,
785,68,0.12043560000000042,73.29820950559315,27695.0,400,0.4,100,
786,69,0.13306320000000227,73.29820950559315,28096.0,400,0.4,100,
787,70,0.14974929999999986,73.29820950559315,28497.0,400,0.4,100,
788,71,0.17023430000000062,73.29820950559315,28898.0,400,0.4,100,
789,0,0.0036193999999998283,182.4047677062297,400.0,400,0.6,100,
790,1,0.02139179999999996,139.09466344813777,802.0,400,0.6,100,
791,2,0.03462440000000022,139.09466344813777,1203.0,400,0.6,100,
792,3,0.04796289999999992,135.9060330615804,1605.0,400,0.6,100,
793,4,0.06269090000000155,135.9060330615804,2006.0,400,0.6,100,
794,5,0.07630990000000004,130.36599867154214,2408.0,400,0.6,100,
795,6,0.09013090000000012,130.36599867154214,2809.0,400,0.6,100,
796,7,0.1046168999999999,123.36774361008275,3211.0,400,0.6,100,
797,8,0.11775370000000152,121.57344980279173,3613.0,400,0.6,100,
798,9,0.13045600000000057,121.57344980279173,4014.0,400,0.6,100,
799,10,0.14286810000000116,113.49097959934969,4416.0,400,0.6,100,
800,11,0.16206500000000013,113.13275573667292,4818.0,400,0.6,100,
801,12,0.17575930000000106,112.98882811369616,5220.0,400,0.6,100,
802,13,0.18829780000000085,112.98882811369616,5621.0,400,0.6,100,
803,14,0.20129640000000038,112.98882811369616,6022.0,400,0.6,100,
804,15,0.216288500000001,107.4188294811018,6424.0,400,0.6,100,
805,16,0.22902850000000008,107.08305587615533,6826.0,400,0.6,100,
806,17,0.2415571000000014,97.56667692804997,7228.0,400,0.6,100,
807,18,0.2545459000000001,97.56667692804997,7629.0,400,0.6,100,
808,19,0.26814610000000094,97.56667692804997,8030.0,400,0.6,100,
809,20,0.28066990000000125,97.56667692804997,8431.0,400,0.6,100,
810,21,0.3002229000000014,97.56667692804997,8832.0,400,0.6,100,
811,22,0.31292030000000004,97.56667692804997,9233.0,400,0.6,100,
812,23,0.32549830000000135,97.56667692804997,9634.0,400,0.6,100,
813,24,0.33812130000000096,97.56667692804997,10035.0,400,0.6,100,
814,25,0.3514040999999999,97.56667692804997,10436.0,400,0.6,100,
815,26,0.36672680000000035,97.56667692804997,10837.0,400,0.6,100,
816,27,0.37972670000000086,97.56667692804997,11238.0,400,0.6,100,
817,0,0.0036193999999998283,182.4047677062297,400.0,400,0.8,100,
818,1,0.02139179999999996,139.09466344813777,802.0,400,0.8,100,
819,2,0.03462440000000022,139.09466344813777,1203.0,400,0.8,100,
820,3,0.04796289999999992,138.54768555802906,1605.0,400,0.8,100,
821,4,0.06269090000000155,131.03315971310758,2007.0,400,0.8,100,
822,5,0.07630990000000004,131.03315971310758,2408.0,400,0.8,100,
823,6,0.09013090000000012,127.31858044795933,2810.0,400,0.8,100,
824,7,0.1046168999999999,127.31858044795933,3211.0,400,0.8,100,
825,8,0.11775370000000152,114.75817150425462,3613.0,400,0.8,100,
826,9,0.13045600000000057,114.75817150425462,4014.0,400,0.8,100,
827,10,0.14286810000000116,114.75817150425462,4415.0,400,0.8,100,
828,11,0.16206500000000013,114.75817150425462,4816.0,400,0.8,100,
829,12,0.17575930000000106,114.75817150425462,5217.0,400,0.8,100,
830,13,0.18829780000000085,114.75817150425462,5618.0,400,0.8,100,
831,14,0.20129640000000038,113.10092247209252,6020.0,400,0.8,100,
832,15,0.216288500000001,111.84216142450808,6422.0,400,0.8,100,
833,16,0.22902850000000008,108.87069013460533,6824.0,400,0.8,100,
834,17,0.2415571000000014,105.28031497343378,7226.0,400,0.8,100,
835,18,0.2545459000000001,105.28031497343378,7627.0,400,0.8,100,
836,19,0.26814610000000094,93.82339922137427,8029.0,400,0.8,100,
837,20,0.28066990000000125,93.82339922137427,8430.0,400,0.8,100,
838,21,0.3002229000000014,91.41454802350312,8832.0,400,0.8,100,
839,22,0.31292030000000004,91.41454802350312,9233.0,400,0.8,100,
840,23,0.32549830000000135,91.41454802350312,9634.0,400,0.8,100,
841,24,0.33812130000000096,91.41454802350312,10035.0,400,0.8,100,
842,25,0.3514040999999999,91.41454802350312,10436.0,400,0.8,100,
843,26,0.36672680000000035,91.41454802350312,10837.0,400,0.8,100,
844,27,0.37972670000000086,91.41454802350312,11238.0,400,0.8,100,
845,28,0.3935088000000011,91.41454802350312,11639.0,400,0.8,100,
846,29,0.40653960000000033,91.41454802350312,12040.0,400,0.8,100,
847,30,0.42190120000000064,91.41454802350312,12441.0,400,0.8,100,
848,31,0.4350215000000013,86.93521806484998,12843.0,400,0.8,100,
849,32,0.4477808000000003,86.93521806484998,13244.0,400,0.8,100,
850,33,0.46062090000000033,86.93521806484998,13645.0,400,0.8,100,
851,34,0.47585740000000065,86.93521806484998,14046.0,400,0.8,100,
852,35,0.48837940000000124,86.93521806484998,14447.0,400,0.8,100,
853,36,0.5027792000000009,86.93521806484998,14848.0,400,0.8,100,
854,37,0.5165350000000011,86.93521806484998,15249.0,400,0.8,100,
855,38,0.5299450000000014,86.93521806484998,15650.0,400,0.8,100,
856,39,0.5425315000000008,86.93521806484998,16051.0,400,0.8,100,
857,40,0.5552561000000011,86.93521806484998,16452.0,400,0.8,100,
858,41,0.5680130999999999,86.93521806484998,16853.0,400,0.8,100,
